id,year,author_or_institution,title,source_type,book_use,url
rsd-001,1997,U.S. Department of State,Nicholas Burns: Commencement Address,primary_official,Places Bob and Esther Burns in audience while Burns calls himself a native New Englander and long-suffering Red Sox fan and invokes WPI/Worcester extended-family ties; secure family scene without inventing parental reaction,https://1997-2001.state.gov/policy_remarks/970524.burns.html
rsd-002,1997,U.S. Department of State,Daily Press Briefing — June 4 1997,primary_official,Exact Burns Red Sox suffering language: bitter Boston; novenas; resuscitation; patron saint of lost causes,https://1997-2001.state.gov/briefings/9706/970604db.html
rsd-003,1997,U.S. Department of State,Daily Press Briefing — April 2 1997,primary_official,Baseball as rapport with foreign journalists; Opening Day,https://1997-2001.state.gov/briefings/9704/970402.html
rsd-004,1997,U.S. Department of State,Daily Press Briefing — January 6 1997,primary_official,Sports banter at official briefing,https://1997-2001.state.gov/briefings/9701/970106.html
rsd-005,1997,The Washington Post,As Burns Takes Bow at State A Fan Sox It to Him,contemporaneous_reporting,Final spokesman scene; Clinton cap; press corps gifts,https://www.washingtonpost.com/archive/politics/1997/07/23/as-burns-takes-bow-at-state-a-fan-sox-it-to-him/f7295a64-565a-4320-9a47-a9a75a068cc0/
rsd-006,2000,Associated Press / Los Angeles Times,Game of Baseball Is All Greek to Them,contemporaneous_reporting,Greece baseball project; baseball ambassador role,https://www.latimes.com/archives/la-xpm-2000-jan-02-mn-49873-story.html
rsd-007,2004,Christian Science Monitor,Greek baseball team made in the USA,contemporaneous_reporting,Greece Olympic baseball; Burns quotes; Angelos and MLB connection,https://www.csmonitor.com/2004/0818/p02s01-woeu.html
rsd-008,2026,Hellenic Baseball Federation,History,organizational_history,Federation-side competitive rationale for diaspora roster; says qualifying team had 22 North Americans and 2 local-league players and Olympic team was overwhelmingly diaspora-based; useful counterweight to local-player grievance,https://greekbaseball.com/history
rsd-009,1999,The Washington Post,Injuries to Teens Are Still a Concern — Olympics/Baseball in Greece section,contemporaneous_reporting,Angelos reception; Hellenic federation; MLB and Red Sox assistance,https://www.washingtonpost.com/archive/sports/1999/09/08/injuries-to-teens-are-still-a-concern/fe2eb9f0-7fc2-4b43-80a4-a9cb6ac94670/
rsd-010,2005,U.S. Department of State,Remarks at the U.S. Institute of Peace,primary_official,Five months after title Burns calls himself native-born Red Sox Nation and says community found redemption; places title in Calvinist New England comic register,https://2001-2009.state.gov/p/us/rm/2005/45781.htm
rsd-011,2002,Boston College,R. Nicholas Burns 2002 Commencement Address,primary_institutional,Boston; Red Sox Nation; pre-2004 championship prediction,https://www.bc.edu/content/bc-web/bcnews/campus-community/alumni/r--nicholas-burns-2002-commencement-address.html
rsd-012,2007,U.S. Department of State,Remarks at the National Conference of Editorial Writers,primary_official,Connecticut rivalry banter; Red Sox territory; Iran transition,https://2001-2009.state.gov/p/us/rm/2007/82900.htm
rsd-013,2007,U.S. Department of State,Commemoration of the 60th Anniversary of the Marshall Plan,primary_official,Shared Red Sox allegiance with Ambassador Craig Stapleton before substantive U.S.-French alliance remarks,https://2001-2009.state.gov/p/us/rm/2007/87176.htm
rsd-014,2012,Atlantic Council,Nicholas Burns event transcript,transcript,Post-2004/2007 self-definition of Red Sox Nation through suffering; Theo Epstein/Cubs bridge; Yankees rivalry,https://www.atlanticcouncil.org/wp-content/uploads/2012/03/Burns_Transcript.pdf
rsd-015,2025,Davidson College,My Day at Davidson with Ambassador to China Nicholas Burns,contemporaneous_institutional,Small-scale current example of Red Sox-Yankees talk creating a brief Boston-to-Boston social register before policy discussion,https://www.davidson.edu/news/2025/09/23/my-day-davidson-ambassador-china-nicholas-burns
rsd-016,2006,U.S. Department of State,Interview on the Charlie Rose Show,primary_official,Red Sox Nation alongside India nuclear policy,https://2001-2009.state.gov/p/us/rm/2006/62715.htm
rsd-017,2007,U.S. Department of State,Policy Podcast: U.S. Assistance to the Middle East,primary_official,Detailed current-season Red Sox analysis of schedule bullpen rotation and postseason pitching,https://2001-2009.state.gov/p/us/rm/2007/90347.htm
rsd-018,2021,U.S. Senate Committee on Foreign Relations,Nomination Hearing — Ambassador to China,primary_official,Markey introduction; Red Sox identity at China nomination,https://www.congress.gov/117/chrg/CHRG-117shrg47863/CHRG-117shrg47863.pdf
rsd-019,2024,U.S. Department of State / Ambassador Nicholas Burns,Ambassador Burns with Chinese baseball fans,primary_official_image,Independent public-domain preservation of Burns wearing Red Sox cap with Chinese baseball participants; records post text date source and authorship,https://commons.wikimedia.org/wiki/File:Ambassador_Burns_with_Chinese_baseball_fans.png
rsd-020,2026,Harvard Kennedy School,Nicholas Burns faculty profile,institutional_biography,Lifelong Red Sox Nation; career chronology,https://www.hks.harvard.edu/faculty/nicholas-burns
rsd-021,2024,Harvard Kennedy School,U.S. Ambassador to China Nicholas Burns to deliver 2024 graduation address,institutional_biography,Wellesley upbringing; Harvard joke about nonpartisan diplomacy and Red Sox devotion,https://www.hks.harvard.edu/announcements/us-ambassador-china-nicholas-burns-deliver-2024-harvard-kennedy-school-graduation
rsd-022,2020,Harvard Magazine,Ask a Harvard Professor with Nicholas Burns,interview,Diplomacy; coalition-building; sharing power,https://www.harvardmagazine.com/2020/03/nicholas-burns
rsd-023,2011,Harvard Gazette,It’s time for diplomacy,contemporaneous_institutional,Diplomacy over military overreach; post-9/11 reflection,https://news.harvard.edu/gazette/story/2011/09/its-time-for-diplomacy/
rsd-024,2008,U.S. Department of State,Global Challenges and Opportunities in U.S. Foreign Policy,primary_official,Official bio and public Red Sox identity at career transition,https://2001-2009.state.gov/p/us/rm/2008/101488.htm
rsd-025,2026,George W. Bush White House Archive,R. Nicholas Burns biography,primary_official_biography,Massachusetts upbringing; lifelong Red Sox Nation,https://georgewbush-whitehouse.archives.gov/government/nburns-bio.html
rsd-026,1997,U.S. Department of State,Daily Press Briefing — April 1 1997,primary_official,April Fools baseball joke; baseball as safe rhetorical zone,https://1997-2001.state.gov/briefings/9704/970401.html
rsd-027,1997,U.S. Department of State,Daily Press Briefing — April 15 1997,primary_official,Wakefield; Orioles; routine baseball banter before policy,https://1997-2001.state.gov/briefings/9704/970415.html
rsd-028,1997,U.S. Department of State,Daily Press Briefing — May 9 1997,primary_official,Lucky tie; Red Sox distress; routine press-room persona,https://1997-2001.state.gov/briefings/9705/970509.html
rsd-029,1997,U.S. Department of State,Daily Press Briefing — May 13 1997,primary_official,Dutch journalist; Fenway; Yankees rivalry; cross-cultural rapport,https://1997-2001.state.gov/briefings/9705/970513.html
rsd-030,1997,U.S. Department of State,The Importance of Public Diplomacy,primary_official,Public-diplomacy philosophy during spokesman period,https://1997-2001.state.gov/policy_remarks/970509.burns.html
rsd-031,1997,U.S. Department of State,Daily Press Briefing — June 13 1997,primary_official,Albright Opening Day baseballs; State press culture,https://1997-2001.state.gov/briefings/9706/970613db.html
rsd-032,1997,U.S. Department of State,Daily Press Briefing — July 16 1997,primary_official,State Department-Senate baseball game; institutional sports culture,https://1997-2001.state.gov/briefings/9707/970716db.html
rsd-033,2004,The Washington Post,It Appears That Baseball Isn't All Greek to the Greeks,contemporaneous_reporting,Greek Olympic baseball development; Burns connection; institutional context,https://www.washingtonpost.com/archive/sports/2004/04/12/it-appears-that-baseball-isnt-all-greek-to-the-greeks/0d5fc3ca-536e-4df4-8712-c260367f6e51/
rsd-034,2013,Belfer Center / Nicholas Burns,Nicholas Burns Addresses Massachusetts Graduates,primary_institutional,Boston civic identity; sports as community and Red Sox Nation,https://www.belfercenter.org/publication/nicholas-burns-addresses-massachusetts-graduates
rsd-035,2007,U.S. Department of State,U.S.-Greece Relations and Regional Issues,primary_official,Burns retrospective on Greece; strategic alliance context,https://2001-2009.state.gov/p/us/rm/2007/95201.htm
rsd-036,2025,Harvard Kennedy School,Nicholas Burns Returns to HKS,institutional_biography,Post-Beijing career; Red Sox identity continuity,https://www.hks.harvard.edu/index.php/announcements/nicholas-burns-returns-to-hks
rsd-037,2021,Boston Globe,Who is Nicholas Burns Biden’s reported pick for ambassador to China,contemporaneous_reporting,Boston ties; Red Sox identity; China nomination context,https://www.bostonglobe.com/2021/05/27/metro/who-is-nicholas-burns-bidens-reported-pick-ambassador-china/
rsd-038,2012,Boston Globe / Nicholas Burns,Diplomacy is the best tool for Iran,authored_commentary,Diplomacy-first argument; patience; limits of military power,https://www.bostonglobe.com/opinion/2012/08/16/burns/qSY5HGNcHdelRBMAkxMtNM/story.html
rsd-039,2002,R. Nicholas Burns,To Prague And Beyond: NATO's Future In A Changed World,authored_speech,NATO philosophy after September 11; alliance adaptation,https://avalon.law.yale.edu/sept11/burns_003.asp
rsd-040,2006,R. Nicholas Burns,International Understanding Through Citizen Diplomacy,authored_speech,Citizen diplomacy; exchange; informal representation,https://2001-2009.state.gov/p/us/rm/2006/61953.htm
rsd-041,2006,R. Nicholas Burns,Commencement Address at Northeastern University,authored_speech,Direct post-2004 interpretation: New England delivered from belief embedded in regional DNA that Red Sox must always lose; calls 2004 glorious autumn,https://2001-2009.state.gov/p/us/rm/2006/66226.htm
rsd-042,2007,R. Nicholas Burns,America's Strategic Opportunity With India,authored_article,India partnership; strategic patience; long-horizon diplomacy,https://2001-2009.state.gov/p/us/rm/2007/93728.htm
rsd-043,2013,Nicholas Burns,The Return of American Diplomacy,authored_speech,Diplomacy as profession; career reflection; lowly intern to under secretary,https://www.belfercenter.org/publication/return-american-diplomacy
rsd-044,2014,Nicholas Burns,Passage to India,authored_article,India strategy; bipartisan continuity; long-term partnership,https://www.belfercenter.org/publication/passage-india
rsd-045,2014,Nicholas Burns,US has a closer relationship with India than with Pakistan,interview,Keep the lines open; talking through difficult relations,https://www.belfercenter.org/publication/us-has-closer-relationship-india-pakistan-nicholas-burns
rsd-046,2015,Nicholas Burns,Loyola University Maryland Commencement Speech,authored_speech,Public service; purpose and passion,https://www.belfercenter.org/publication/faculty-director-r-nicholas-burns-delivers-loyola-university-maryland-2015-commencement
rsd-047,2017,Nicholas Burns,American University of Paris Commencement Address,authored_speech,Public service; arena motif; democratic responsibility,https://www.belfercenter.org/publication/nicholas-burns-gives-commencement-address-and-receives-honorary-degree-american
rsd-048,2017,Nicholas Burns,Dismantling the Foreign Service,authored_commentary,Institutional loyalty; value of professional diplomacy,https://www.hks.harvard.edu/publications/dismantling-foreign-service
rsd-049,2019,Nicholas Burns,Conference on Versailles 1919-2019 Remarks,authored_speech,Humor; family; history; register switching,https://www.belfercenter.org/publication/remarks-ambassador-ret-nicholas-burns-conference-versailles-1919-2019
rsd-050,2020,Nicholas Burns,The Indispensable Power,authored_commentary,Diplomacy's time; American leadership beyond military power,https://www.harvardmagazine.com/2020/07/features-forum-indispensable-power
rsd-051,2020,Nicholas Burns,How to Lead in a Time of Pandemic,authored_article,Coalition leadership; international cooperation; institutions,https://www.hks.harvard.edu/publications/how-lead-time-pandemic
rsd-052,2020,Nicholas Burns; Marc Grossman; Marcie Ries,A U.S. Diplomatic Service for the 21st Century,authored_report,Foreign Service reform; training; funding; representation,https://www.hks.harvard.edu/publications/us-diplomatic-service-21st-century
rsd-053,2021,Nicholas Burns,The Diplomat as Gardener,authored_article,Diplomatic maintenance; George Shultz; relationships before crisis,https://www.hks.harvard.edu/publications/diplomat-gardener
rsd-054,2021,Nicholas Burns,Statement to the Senate Committee on Foreign Relations,authored_testimony,Return to public service; family; China; alliances,https://www.belfercenter.org/publication/statement-senate-committee-foreign-relations-nicholas-burns-us-ambassadorial-nominee
rsd-055,2024,Nicholas Burns,Harvard Kennedy School Graduation Address,authored_speech,Public service; arena motif; continuity of worldview,https://www.hks.harvard.edu/faculty-research/policy-topics/public-leadership-management/rise-enormous-challenges-you-ambassador
rsd-056,2025,Nicholas Burns,A Conversation With Nicholas Burns: In the Room With Xi Jinping,interview,Alliances multiply power; don't forsake allies; China lessons,https://www.foreignaffairs.com/podcasts/bonus-room-xi-jinping-china-nicholas-burns
rsd-057,1997,U.S. Department of State,Daily Press Briefing — April 3 1997,primary_official,Shows Clemens traitor joke still active months after Toronto signing and immediately adjacent to serious U.S.-Canada policy discussion; recurrent register boundary,https://1997-2001.state.gov/briefings/9704/970403.html
rsd-058,1997,U.S. Department of State,Daily Press Briefing — June 16 1997,primary_official,Companion family-fandom source: mother Red Sox supporter father heartbroken since 1930s warned children away Burns ignored warning; pairs with WPI scene,https://1997-2001.state.gov/www/briefings/9706/970616db.html
rsd-059,1999,Association for Diplomatic Studies and Training / Barbara H. Nielsen,Foreign Affairs Oral History Collection — Barbara H. Nielsen,oral_history,Athens cultural affairs; Burns public-diplomacy method; embassy context,https://adst.org/OH%20TOCs/Nielsen%2C%20Barbara%20H.toc.pdf
rsd-060,1999,David L. Marcus / U.S. News & World Report,America's Salesman,contemporaneous_profile,Athens embassy; country team; public diplomacy; Boston office objects; commercial diplomacy,https://chrissmith.house.gov/uploadedfiles/1999.03.04_foreign_relations_authorization_for_fy_2000_2001-_public_diplomacy_programs.pdf
rsd-061,2000,Foreign Service Journal,A Light Shines in Athens,professional_reporting,Embassy redesign as public diplomacy; respect for Greece; physical representation,https://afsa.org/sites/default/files/fsj-2000-06-june_0.pdf
rsd-062,2024,Ministry of Education of the People's Republic of China,Huai Jinpeng meets with U.S. ambassador,primary_foreign_government,Educational exchange as cornerstone; youth exchange; institutional dialogue,https://en.moe.gov.cn/news/press_releases/202403/t20240331_1123305.html
rsd-063,2024,Reuters,China rejects U.S. envoy's comment that it hinders people-to-people exchanges,contemporaneous_reporting,China-era limits on public diplomacy; contested exchange environment,https://www.reuters.com/world/china/china-rejects-us-envoys-comment-that-it-hinders-people-to-people-exchanges-2024-06-26/
rsd-064,2024,Duke Kunshan University / The Lilypad,DKU Hosts US Ambassador to China,student_reporting,Student-facing diplomacy; American students in China; staying connected through rivalry,https://sites.duke.edu/thelilypad/2024/04/07/dku-hosts-us-ambassador-to-china/
rsd-065,2024,NYU Shanghai,US Ambassador to China Nicholas Burns Visits NYU Shanghai,institutional_reporting,University diplomacy; informal student engagement; exchange networks,https://shanghai.nyu.edu/news/us-ambassador-china-nicholas-burns-visits-nyu-shanghai
rsd-066,2024,University of Chicago Global,Selected Highlights FY24 Annual Report,institutional_report,Hong Kong student engagement; educational and cultural exchange,https://global.uchicago.edu/sites/default/files/2024-09/FY24%20Annual%20Report_FINAL.pdf
rsd-067,2024,South China Morning Post,Beijing making US-China exchanges impossible: US ambassador Nicholas Burns,contemporaneous_reporting,Burns critique of barriers to embassy programs; public-diplomacy constraints,https://www.scmp.com/news/china/diplomacy/article/3268037/us-ambassador-nicholas-burns-says-beijing-making-us-china-exchanges-impossible
rsd-068,2024,Central South University,U.S. Ambassador to China Nicholas Burns Visited Central South University,institutional_reporting,Provincial university engagement; educational ties; university diplomacy,https://en.csu.edu.cn/info/1083/2824.htm
rsd-069,2024,CSIS,Ambassador Nicholas Burns on the U.S.-China Relationship,interview_transcript,Burns describes living traveling and trying to learn Mandarin in China as shared experience with Libby,https://www.csis.org/analysis/ambassador-nicholas-burns-us-china-relationship
rsd-070,1998,Harvard Crimson,Ambassador to Greece Urges Improved Relations,contemporaneous_reporting,Burns November 1998 public argument for stronger U.S.-Greece ties and personal relationships; contextualizes wider bridge-building environment around diaspora/baseball network,https://www.thecrimson.com/article/1998/11/3/ambassador-to-greece-urges-improved-relations/
rsd-071,1999,Ta Nea,Nicholas Burns: Two Years of Storms,contemporaneous_foreign_reporting,Greek press perspective; early journalist meetings; contested Athens environment,https://www.tanea.gr/1999/11/06/greece/nikolas-mperns-mia-dietia-me-trikymies/
rsd-072,2024,Hellenic Baseball Federation,Are there baseball teams in Greece?,organizational_reporting,Documents Greek national-team players Loukas Soukeras Noah Zavolas and Chris Demetral as honored guests on field at Fenway during Red Sox Greek Celebration; afterlife not proof of Burns-era continuity,https://www.greekbaseball.com/news/are-there-baseball-teams-in-greece
rsd-073,2026,U.S.-China Education Trust,Event Recap: A Conversation with Nicholas Burns,institutional_reporting,Post-China reflection on people-to-people exchange; Guizhou student story; human channels,https://uscet.org/event-recap-distinguished-speaker-series-china-connections-a-conversation-with-nicholas-burns/
rsd-074,2024,Associated Press,Far fewer young Americans now want to study in China,contemporaneous_reporting,Student-exchange imbalance; context for Burns educational diplomacy,https://apnews.com/article/f5f6e53cd5d3bc686590f2f961165281
rsd-075,2024,Financial Times,A day in the life of the US ambassador to China,contemporaneous_profile,Beijing operating environment; restricted access; ambassadorial daily practice,https://www.ft.com/content/c7f325a3-435c-44b4-83bd-dd04992468e1
rsd-076,2000,American Hellenic Institute,December 3 2000 newsletter / Celebration of the U.S.-Greek Relationship,organizational_contemporaneous,Documents Oct 10-13 2000 Embassy/AHEPA multi-day joint program including press conference receptions monuments tree planting Marshall statue and future-relations conference,https://ahiworld.serverbox.net/media-center/newsletters/2000/1264-december-3-2000.html
rsd-077,1998,The Washington Post,U.S. Earns Bronze,contemporaneous_reporting,Burns meeting U.S. basketball players in Greece; sports-facing representation beyond baseball,https://www.washingtonpost.com/archive/sports/1998/08/10/us-earns-bronze/4b65d471-b0e4-420b-bd1b-cfaac9480b00/
rsd-078,2024,University of Chicago Hong Kong,U.S. Ambassador to the People's Republic of China Visits UChicago Campus in Hong Kong,institutional_contemporaneous,Burns educational and cultural exchange advocacy; student engagement,https://uchicago.hk/news/us-ambassador-peoples-republic-china-visits-uchicago-campus-hong-kong
rsd-079,2024,Fujian Provincial Foreign Affairs Office,US Ambassador Nicholas Burns Visits Fujian,foreign_official,Provincial travel; student exchange; subnational and people-to-people diplomacy,https://wb.fujian.gov.cn/English/latest/202403/t20240328_6420999.htm
rsd-080,2024,National Centre for the Performing Arts China,President Wang Ning meets with U.S. Ambassador to China,foreign_institutional,Cultural diplomacy; arts exchange; people-to-people friendship,https://en.chncpa.org/discover/ncpatheworld/artsexchangeevents/eu/qbjlhd/202405/t20240509_263632.shtml
rsd-081,2024,Fudan University,2024 Fudan-Harvard Summer School Successfully Held at CAS Fudan,institutional_contemporaneous,Student exchange; Burns encouragement to study language and culture,https://iis.fudan.edu.cn/en/9a/e5/c16676a695013/page.htm
rsd-082,2023,Fudan University,U.S. Ambassador to China Nicholas Burns and Delegation Visit Center for American Studies,institutional_contemporaneous,Academic dialogue amid competition; student-facing diplomacy,https://iis.fudan.edu.cn/en/7a/9a/c16676a490138/page.htm
rsd-083,2004,ESPN Magazine,Give 'Em Hellas,contemporaneous_reporting,Burns first-person Greece baseball demonstrations; Greek television batting cage; youth teams; government budget,https://www.espn.co.uk/espn/magazine/archives/news/story?page=magazine-20040119-article32
rsd-084,2004,Los Angeles Times,Greece Is the Word for These Minor Leaguers,contemporaneous_reporting,Angelos funding; Lou Angelos; Rob Derksen; diaspora roster construction,https://www.latimes.com/archives/la-xpm-2004-feb-13-sp-olympics13-story.html
rsd-085,2003,Athens News / Hellenic Communication Service,Greek-American Backs National Baseball Team,contemporaneous_reporting,Orioles role; Rob Derksen; MLB International support; Burns network,https://www.helleniccomserve.com/baseball.html
rsd-086,2004,New Haven Register / A.J. Brack,Olympic Diary,participant_account,Rob Derksen death; player perspective; team indebtedness to Derksen,https://www.nhregister.com/news/article/Olympic-Diary-11678111.php
rsd-087,1980s,U.S. Department of State Office of the Historian,FRUS 1981-1988 Volume I Persons,primary_official_reference,Alfred Atherton tenure in Cairo; embassy leadership chronology,https://history.state.gov/historicaldocuments/frus1981-88v01/persons
rsd-088,1983,The American Presidency Project / Ronald Reagan,Nomination of Nicholas A. Veliotes To Be United States Ambassador to Egypt,primary_official,Veliotes appointment; Cairo leadership transition during Burns posting,https://www.presidency.ucsb.edu/documents/nomination-nicholas-veliotes-be-united-states-ambassador-egypt
rsd-089,1985,The Washington Post,America's 'Tough-Cop' Envoy to Egypt,contemporaneous_reporting,Veliotes diplomatic style; Cairo professional environment during Burns posting,https://www.washingtonpost.com/archive/politics/1985/10/11/americas-tough-cop-envoy-to-egypt/f069c833-4017-4d26-85b8-938ab5205e98/
rsd-090,2026,Association for Diplomatic Studies and Training,ADST Oral History Collection — Nicholas A. Veliotes,oral_history_index,Witness target for Cairo 1983-85; staff-assistant and embassy context,https://adst.org/oral-history/oral-history-interviews/
rsd-091,2005,U.S. Department of State,Briefing on October 10-14 Trip to Brussels and the Balkans,primary_official,Post-2004 Red Sox register; State Department shutdown joke; baseball immediately before substantive diplomacy,https://2001-2009.state.gov/p/us/rm/2005/54610.htm
rsd-092,2019,Nicholas Burns / Belfer Center,Our Future: The Pursuit of a Newer World,authored_speech,Late-career Red Sox Nation identity; New York rivalry joke; social register before substantive lecture,https://www.belfercenter.org/publication/our-future-pursuit-newer-world
rsd-093,1997,U.S. Department of State,R. Nicholas Burns biography,primary_official_biography,Identifies wife Elizabeth Baylies; family and career reference,https://1997-2001.state.gov/about_state/biography/burns.html
rsd-094,2000,U.S. Department of State,New Look Transforms Athens Embassy,primary_official_feature,Photographic evidence placing Elizabeth Allen Baylies with Burns and sculptor Papayiannis in Marshall statue / embassy cultural-representation project,https://1997-2001.state.gov/publications/statemag/statemag_jul2000/feature5.html
rsd-095,2002,eKathimerini,President inaugurates a project of MDA Hellas,contemporaneous_reporting,Elizabeth Baylies-Burns as honorary president and project instigator; neuromuscular unit in Athens,https://www.ekathimerini.com/culture/9992/president-inaugurates-a-project-of-mda-hellas/
rsd-096,2018,Muscular Dystrophy News,MDA Hellas Gives Greek SMA Duchenne Patients Reason to Hope,retrospective_reporting,MDA Hellas history; Elizabeth Baylies-Burns role in establishment; later institutional development,https://musculardystrophynews.com/news/mda-hellas-gives-greek-sma-duchenne-patients-reason-to-hope/
rsd-097,2017,Nicholas Burns / Belfer Center,Remembrance Day Speech: Requiem for the Great War,authored_speech,Libby explicitly included in Burns public remarks; family and remembrance register,https://www.belfercenter.org/publication/remembrance-day-speech-requiem-great-war
rsd-098,2021,Nicholas Burns / U.S. Senate Committee on Foreign Relations,Statement of R. Nicholas Burns Nominee to be U.S. Ambassador to China,primary_official_testimony,Burns thanks Libby and frames overseas government service as shared across Mauritania Egypt Israel Greece and Belgium,https://www.foreign.senate.gov/imo/media/doc/102021_Burns_Testimony.pdf
rsd-099,2022,Major League Baseball,Boston Red Sox team history and facts,official_league_history,Franchise history; championships; post-2004 identity,https://www.mlb.com/news/boston-red-sox-team-history-and-facts
rsd-100,2026,Boston Red Sox / MLB,Fenway Park ballparks history,official_team_history,Fenway chronology; 1912 opening; Highlanders/Yankees connection,https://www.mlb.com/redsox/history/ballparks
rsd-101,2026,Boston Red Sox / MLB,Fenway Park facts and figures,official_team_reference,Fenway dimensions; Green Monster; physical specificity,https://www.mlb.com/redsox/ballpark/facts-figures
rsd-102,2017,Boston Red Sox / MLB,1960s timeline,official_team_history,1967 Impossible Dream; Yastrzemski; childhood-era Red Sox context,https://www.mlb.com/redsox/history/timeline/1960s
rsd-103,2017,Society for American Baseball Research,1967 Red Sox: Was it really Impossible?,historical_research,Pre-1967 decline; attendance and revival context; regional baseball culture,https://sabr.org/journal/article/1967-red-sox-was-it-really-impossible/
rsd-104,2015,National Baseball Hall of Fame,Fisk and Eastwick recall magical Game 6 in 1975 World Series,hall_of_fame_history,1975 Fisk Game 6; Game 7 audience; canonical Red Sox near-miss,https://baseballhall.org/discover/museum/whole-new-ballgame/carlton-fisk-and-rawly-eastwick-recall-1975-world-series
rsd-105,2026,Boston Red Sox / MLB,1970-1979 Fenway Park timeline,official_team_history,1978 99-win season; Bucky Dent tiebreaker; Yankees rivalry context,https://www.mlb.com/redsox/ballpark/museum/timeline/1970-1979
rsd-106,2021,Major League Baseball,History of MLB tiebreaker games,official_league_history,1978 one-game playoff; Dent home run; 99-63 tie,https://www.mlb.com/news/history-of-mlb-tiebreaker-games-c202246862
rsd-107,2022,Major League Baseball,1986 ALCS recap,official_league_history,Angels comeback; Dave Henderson; route to 1986 World Series,https://www.mlb.com/news/1986-alcs-recap
rsd-108,2022,Major League Baseball,1986 World Series recap,official_league_history,Game 6 and Game 7 sequence; Buckner context; Mets championship,https://www.mlb.com/news/1986-world-series-recap
rsd-109,2020,Major League Baseball,Is Bill Buckner really to blame for Red Sox losing 1986 World Series,official_league_analysis,Corrective against single-person scapegoating; pre-error sequence,https://www.mlb.com/news/is-bill-buckner-to-blame-for-red-sox-losing-1986-world-series
rsd-110,2012,Boston Red Sox / MLB,Where Everyone Knows Your Name — Fenway Park Living Museum,official_team_history,Red Sox Nation phrase credited to Nathan Cobb in 1986; Fenway intimacy and fan culture,https://www.mlb.com/redsox/ballpark/museum/where-everyone-knows-your-name
rsd-111,2022,Major League Baseball,2003 ALCS recap,official_league_history,Aaron Boone walk-off; immediate prehistory to 2004; Yankees rivalry,https://www.mlb.com/news/2003-alcs-recap
rsd-112,2022,Major League Baseball,2004 ALCS recap,official_league_history,0-3 comeback; Roberts steal; Ortiz; first MLB postseason comeback from 0-3,https://www.mlb.com/news/2004-alcs-recap
rsd-113,2014,Boston Red Sox / MLB,Roberts steal set amazing 2004 playoff run in motion,official_team_retrospective,Detailed Game 4 sequence; Millar walk; Roberts steal; Mueller single; Ortiz walk-off,https://www.mlb.com/redsox/news/dave-roberts-steal-set-amazing-2004-red-sox-playoff-run-in-motion/c-98844328
rsd-114,2014,Boston Red Sox / MLB,Ortiz heroics Nixon grab kept 2004 World Series in sight,official_team_retrospective,Detailed Game 5 sequence; 14-inning elimination win; continuation of comeback,https://www.mlb.com/redsox/news/david-ortizs-heroics-trot-nixons-grab-kept-2004-ws-in-sight-for-red-sox/c-98920062
rsd-115,2022,Major League Baseball,2004 World Series recap,official_league_history,Four-game sweep of Cardinals; championship ending 86-year drought,https://www.mlb.com/news/2004-world-series-recap
rsd-116,2021,Major League Baseball,Classic seasons: 2004 Red Sox,official_league_retrospective,2003-to-2004 arc; 0-3 comeback; final eight postseason wins,https://www.mlb.com/news/classic-seasons-2004-red-sox
rsd-117,2019,Major League Baseball,Biggest MLB rivalries,official_league_history,Ruth transfer; Yankees-Red Sox rivalry lineage; Dent and modern rivalry context,https://www.mlb.com/news/biggest-mlb-rivalries
rsd-118,1997,U.S. Department of State,Daily Press Briefing — February 14 1997,primary_official,Wellesley visitor; pitchers and catchers; Clemens traitor joke; Burns predicts 1997 Red Sox,https://1997-2001.state.gov/briefings/9702/970214.html
rsd-119,1997,U.S. Department of State,Daily Press Briefing — March 7 1997,primary_official,Briefing-room rules; Red Sox affiliation; Yankees rivalry as recurring social register,https://1997-2001.state.gov/briefings/9703/970307.html
rsd-120,1997,U.S. Department of State,Daily Press Briefing — March 11 1997,primary_official,Institutional we as Red Sox fans; visitor rapport; baseball before policy,https://1997-2001.state.gov/briefings/9703/970311.html
rsd-121,1997,U.S. Department of State,Daily Press Briefing — April 17 1997,primary_official,Introduces visitor through Red Sox identity; baseball as social biography,https://1997-2001.state.gov/briefings/9704/970417.html
rsd-122,1997,U.S. Department of State,Daily Press Briefing — June 3 1997,primary_official,Current-season pitching knowledge; website hits joke; Red Sox statistical fluency,https://1997-2001.state.gov/briefings/9706/970603db.html
rsd-123,1997,U.S. Department of State,Daily Press Briefing — July 8 1997,primary_official,Maine as Red Sox territory; Yankees fan expulsion joke; regional fan geography,https://1997-2001.state.gov/briefings/9707/970708db.html
rsd-124,1997,U.S. Department of State,Daily Press Briefing — July 14 1997,primary_official,Cuban baseball travel; defection and political freedom; Red Sox Yankees joke inside substantive Cuba policy,https://1997-2001.state.gov/briefings/9707/970714db.html
rsd-125,1996,SFGate / San Francisco Chronicle,Top of the Sixth — State Department Swings at Clemens,contemporaneous_reporting,Preserves Burns official-position joke and explicit distinction that Toronto grievance was not about Canada and Yankees would have been worse,https://www.sfgate.com/sports/article/TOP-OF-THE-SIXTH-2955829.php
rsd-126,2026,Boston Red Sox / MLB,Red Sox Postseason Results,official_team_reference,Confirms 2007 championship after Burns August prediction; complete postseason chronology,https://www.mlb.com/redsox/history/postseason-results
rsd-127,2005,Thomas L. Friedman,The World Is Flat,secondary_named_account,CENTCOM Qatar four-screen anecdote attributed to Burns; Yankees-Red Sox alongside Predator feeds; corroboration target,https://books.google.com/books/about/The_World_Is_Flat.html?id=7SJvQgAACAAJ
rsd-128,2004,Baseball-Reference,Boston Red Sox vs New York Yankees Box Score — April 25 2004,baseball_reference,Candidate date triangulation; Pedro Martinez only April start vs Yankees; Jeter matchup; Boston 2-0,https://www.baseball-reference.com/boxes/NYA/NYA200404250.shtml
rsd-129,2004,Associated Press / Hearst,NATO envoys travel toward Kabul — April 25 2004,contemporaneous_reporting,Travel-context triangulation for possible Qatar/CENTCOM scene; Burns quoted en route to Kabul,https://www.mrt.com/news/article/Enviados-de-OTAN-piden-permanencia-de-fuerza-de-7804331.php
rsd-130,2004,Radio Free Europe Radio Liberty,NATO Attaches Strings To Iraq Role,contemporaneous_reporting,Confirms North Atlantic Council delegation in Kabul April 26; travel chronology context,https://www.rferl.org/a/1052483.html
rsd-131,2003,NATO Review,The road to Kabul,official_alliance_context,CENTCOM Qatar liaison architecture for Afghanistan operations; institutional plausibility of Qatar stop,https://www.nato.int/en/news-and-events/events/transcripts/2003/04/01/the-road-to-kabul
rsd-132,2007,U.S. Department of State,A Conversation With America's Senior Career Diplomats,primary_official,Day-after-2007-title reaction; Burns invokes events of previous evening and asks room for members of Red Sox Nation,https://2001-2009.state.gov/p/us/rm/2007/95349.htm
rsd-133,2008,CBS News,A Career Diplomat Says Good-Bye,contemporaneous_reporting,Rice uses 2007 Red Sox championship in Burns departure joke; institutional recognition of persona,https://www.cbsnews.com/news/a-career-diplomat-says-good-bye/
rsd-134,2026,Wellesley Free Library,Nick Burns — Wellesley High School Author profile,local_institutional_profile,Wellesley roots; lifelong Red Sox identity; local memory that State briefings often opened with team scores,https://www.wellesleyfreelibrary.org/nick-burns/
rsd-135,1997,U.S. Department of State,Daily Press Briefing — August 7 1997,primary_official,James Rubin jokes that baseball analogies are retired after Burns leaves podium; institutional recognition of Burns style,https://1997-2001.state.gov/briefings/9708/970807db.html
rsd-136,2011,Association for Diplomatic Studies and Training / Thomas J. Miller,Foreign Affairs Oral History Project — Ambassador Thomas J. Miller,oral_history,Successor calls Burns a baseball nut; Greek baseball project continuity; MLB training and diaspora-player identification,https://adst.org/OH%20TOCs/Miller%2C%20Thomas%20J.toc.pdf
rsd-137,2017,Association for Diplomatic Studies and Training / Thomas Krajeski,Foreign Affairs Oral History Project — Thomas Krajeski,oral_history,Red Sox fandom as Foreign Service professional kinship; Krajeski jokes Burns remains a friend primarily because both are fans,https://adst.org/OH%20TOCs/Krajeski-Thomas.pdf
rsd-138,2007,U.S. Department of State,America's Global Leadership Challenge in the 21st Century,primary_official,Boston College speech; Red Sox Nation; Matsuzaka Fenway home debut as live contemporaneous baseball reference,https://2001-2009.state.gov/p/us/rm/2007/85332.htm
rsd-139,2007,Major League Baseball,King Felix one-hits the Red Sox,official_league_video,Confirms April 11 2007 Matsuzaka Fenway home debut and Seattle 3-0 result,https://www.mlb.com/video/king-felix-one-hits-the-red-sox-c1871556783
rsd-140,2007,U.S. Department of State / State Magazine,Department Inner-View — Q&A with Under Secretary for Political Affairs R. Nicholas Burns,primary_official_institutional,Independent State Department framing of Burns as seasoned in patience through card-carrying Red Sox Nation identity,https://2001-2009.state.gov/documents/organization/91629.pdf
rsd-141,2003,Cynthia P. Schneider / Center for Arts and Culture / Georgetown University,Diplomacy That Works: Best Practices in Cultural Diplomacy,near_contemporary_practitioner_research,Places Burns Greece baseball diplomacy inside Kosovo-war hostility; Friends of Greek Baseball; amateur-team network; cultural diplomacy in hostile climate,https://www.interarts.net/descargas/interarts645.pdf
rsd-142,2007,Legacy.com / condolence signed Nick Burns,Paul Sanford obituary guestbook entry,probable_first_person_unverified,Probable Burns-authored early-life memory; Little League in Wellesley; junior-high friendship; Fenway Green Monster; Red Sox Nation; authentication required,https://www.legacy.com/obituaries/name/paul-sanford-obituary?pid=85809700
rsd-143,2007,Legacy.com / Boston Globe obituary mirror,Paul Sanford obituary and guestbook,obituary_and_guestbook,Independent obituary context plus Nick Burns condolence; Run America ended at Green Monster corroborated by another guestbook witness,https://www.legacy.com/us/obituaries/bostonglobe/name/paul-sanford-obituary?id=25728918
rsd-144,n.d.,Wellesley Free Library,Digital Resources — Wellesleyan yearbooks and Wellesley Townsman archive,local_archive_index,Primary archival route for Little League Babe Ruth and Wellesley High verification,https://www.wellesleyfreelibrary.org/discover-borrow/digital-resources/databases/
rsd-145,1988,Thomas Krajeski / State Magazine,A leading American export: baseballski — In Poland U.S. diplomats take em out to the ball game,primary_official_magazine,Comparative Foreign Service baseball diplomacy before Burns Greece project; Red Sox-fan diplomat Krajeski; Poland baseball outreach,https://upload.wikimedia.org/wikipedia/commons/c/ce/State_1988-03-_Iss_309_%28IA_sim_state-magazine_1988-03_309%29.pdf
rsd-146,1998,White House / Mike McCurry,Press Briefing by Mike McCurry,primary_official,Independent colleague remembers Burns as exceptionally devoted Red Sox fan while Burns served in Greece,https://www.presidency.ucsb.edu/documents/press-briefing-mike-mccurry-4
rsd-147,2004,Baseball Acropolis,Greek baseball photo archive,organizational_photo_archive,Captions document direct Burns contact with Chris/Gus Karalekas plus MLB International Orioles/federation network and unidentified Boston businessmen; high-value visual identification target,https://www.baseballacropolis.org/photos.htm
rsd-148,2014,NEO Magazine,The National Baseball Team of Greece,retrospective_reporting,Friends of Greek Baseball retrospective; Burns-Sarbanes-Angelos chain; diaspora roster context,https://www.neomagazine.com/2014/06/the-national-baseball-team-of-greece/
rsd-149,2004,U.S. Department of State,NATO releases index — 2004,primary_official_index,Shows October public-source gap around championship clincher with Burns indexed Oct 13 then next obvious Nov 4/Nov 8 appearances; absence does not establish location or viewing,https://2001-2009.state.gov/p/eur/rt/nato/c11326.htm
rsd-150,2004,Mediamax,NATO's special focus on the Caucasus should not raise concerns in Moscow,contemporaneous_interview,Shows Burns actively discussing NATO issues in October 2004; does not establish physical location or baseball viewing,https://mediamax.am/en/news/interviews/54/
rsd-151,2006,Stars and Stripes,No World Series on AFN Radio this year,contemporaneous_reporting,AFN broadcast-history context; says 2006 first World Series absent from AFN radio in sixty years; supports 2004 availability context not Burns viewing,https://www.stripes.com/news/2006-10-19/no-world-series-on-afn-radio-this-year-1974176.html1
rsd-152,2004,Stars and Stripes,Weather takes its toll on AFN signal in Europe Middle East,contemporaneous_reporting,AFN Europe/Middle East distribution infrastructure immediately before 2004 postseason,https://www.stripes.com/news/2004-09-03/weather-takes-its-toll-on-afn-signal-in-europe-middle-east-1959978.html1
rsd-153,2004,Stars and Stripes,Silence in Frankfurt: AFN fades to black moves to Mannheim,contemporaneous_reporting,AFN-Europe headquarters transition on Oct 28 2004; contextual coincidence one day after Red Sox clincher; not evidence of Burns viewing,https://www.stripes.com/news/2004-10-29/silence-in-frankfurt-afn-fades-to-black-moves-to-mannheim-1914651.html1
rsd-154,2007,Tom Mazarakis,The History of Baseball in Greece,retrospective_community_history,Burns contacts MLB and Greek-American network; MLB International equipment container summer 1999; Mike Riskas coach-in-residence 2001; Orioles/Derksen diaspora scouting,https://www.oocities.org/spartakosglyfadas/history_of_baseball_in_greece2.htm
rsd-155,n.d.,Baseball Acropolis,About Us,organizational_history,Karalekas says effort began in 1998 inspired by Harry Agganis and first met Hellenic Amateur Baseball Federation Jan 11 1999; independent diaspora lane preceding later institutional origin stories,https://www.baseballacropolis.org/About_us.htm
rsd-156,2004,CNN / Dan Lothian,CNN Saturday transcript — Greek Olympic baseball hopefuls,contemporaneous_reporting,Bill Galatis and Chuck Samiotis described as Boston-area diehard Red Sox fans who built a field trained youth and helped recruit Greek players,https://transcripts.cnn.com/show/cst/date/2004-08-07/segment/04
rsd-157,2004,CFO.com,A Baseball Odyssey,contemporaneous_profile,Galatis first-person lane: age 51 former finance executive Meze owner; says involvement began in 1998 and goal was to keep baseball alive in Greece beyond Olympics,https://www.cfo.com/news/a-baseball-odyssey/679439/
rsd-158,2008,U.S. Department of State / State Magazine,Red Sox Pitch In — Consulate General in Halifax Celebrates 175 Years,primary_official_institutional,Clean comparison case of Boston Red Sox club participating directly in diplomatic-post outreach with World Series trophy and mascot; useful control for unresolved Greece club contribution,https://2001-2009.state.gov/documents/organization/102927.pdf
rsd-159,2007,The Telegraph / Legacy,Paul Sheldon Sanford obituary,obituary_context,Sanford born 1956; raised in Wellesley; Boston College degree; lifelong Red Sox fan; confirms biography aligning with Nick Burns guestbook memory,https://www.legacy.com/us/obituaries/macon/name/paul-sanford-obituary?id=25289508
rsd-160,2002,Harvard Magazine,Disease Fighter,contemporaneous_alumni_reporting,Independent corroboration of Run America cross-country finish at Fenway Green Monster and supporter gathering; event-level check on 2007 guestbook memory,https://www.harvardmagazine.com/2002/09/disease-fighter-html
rsd-161,2023,U.S. Embassy Beijing / Wikimedia Commons,Ambassador Burns pitching baseball,primary_official_image,July 4 2023 embassy event; Burns physically pitching baseball during official representational activity in China,https://commons.wikimedia.org/wiki/File:Ambassador_Burns_pitching_baseball.jpg
rsd-162,2024,U.S. Embassy Beijing / Wikimedia Commons,R. Nicholas Burns in 2024 media archive,primary_official_image_archive,Great Wall Red Sox Nation images; repeated visible baseball identity across official China travel/public affairs,https://commons.wikimedia.org/wiki/Category:R._Nicholas_Burns_in_2024
rsd-163,2025,Nicholas Burns / Belfer Center,Lessons from the Front Lines of the U.S.-China Relationship,authored_speech,Burns explicitly describes sports as a bridge; recounts lifelong Celtics fandom Yankees rivalry and deliberately wearing his Red Sox hat at the Great Wall Bund Xiamen Chengdu and on 60 Minutes; crucial retrospective corroboration of recurring sports-public-diplomacy strategy,https://www.belfercenter.org/research-analysis/lessons-front-lines-us-china-relationship
rsd-164,2024,Nicholas Burns / U.S.-China Hong Kong Forum,Chinese and American people are the ballast in the ties between our two countries,authored_speech,People-to-people philosophy framing China-era baseball clinic and exchange activity,https://www.hkforum.com/en/article/216-ambassador-nicholas-burns-address-to-the-2024-us-china-hong-kong-forum
rsd-165,2021,U.S. Department of State,Department Press Briefing — December 6 2021,primary_official,Pre-Beijing institutional continuity; reporter interjects that Burns is a Red Sox fan during discussion of his China confirmation and spokesperson responds in kind,https://2021-2025.state.gov/briefings/department-press-briefing-december-6-2021/
rsd-166,2025,Nicholas Burns / Belfer Center,Nicholas Burns on His Time as U.S. Ambassador to China and on Efforts to Address Climate Change,authored_interview_transcript,Post-China baseball vocabulary; Burns describes difficult Sunnylands climate negotiations as overtime or extra innings in American baseball,https://www.belfercenter.org/research-analysis/nicholas-burns-his-time-us-ambassador-china-and-efforts-address-climate-change
rsd-167,2024,Nicholas Burns / Harvard Kennedy School,Curriculum Vitae,primary_biographical_record,Confirms Wellesley Senior High School 1974 and education chronology used to bound early-life baseball archive searches,https://apps.hks.harvard.edu/faculty/cv/NicholasBurns.pdf
rsd-168,1974,Wellesley High School,Wellesleyan 1974 Yearbook,primary_school_archive,Direct browsable archival target for Burns senior-year activities and possible baseball evidence; no baseball finding should be inferred from incomplete indexing,https://www.e-yearbook.com/yearbooks/Wellesley_High_School_Wellesleyan_Yearbook/1974/Page_16.html
rsd-169,2014,Boston Red Sox / Major League Baseball,Longtime Red Sox public relations head Dick Bresciani passes away,official_team_biography,Identifies Bresciani as Red Sox public-affairs/PR executive and historical archive custodian during 1999-2000; supports targeted archive search for unresolved Greece club assistance but not personal involvement,https://www.mlb.com/news/longtime-red-sox-public-relations-head-dick-bresciani-passes-away/c-102858356
rsd-170,2015,Legacy.com / Wellesley Townsman,Ernest R. Latessa obituary guestbook — Chris Burns and Nick Burns entries,probable_first_person_cross_corroboration,Paired Wellesley sports memories; Nick calls Chris his brother; St. James softball at Hunnewell Field in the 1970s; materially strengthens authentication pattern for Burns guestbook material,https://www.legacy.com/us/obituaries/wickedlocal-wellesley/name/ernest-latessa-obituary?id=17410893
rsd-171,2001,U.S. Senate / Congressional Record,R. Nicholas Burns family contribution disclosure,primary_official_record,Officially lists Christopher Burns among Nicholas Burns's brothers; cross-check for 2015 paired condolence attribution,https://www.govinfo.gov/link/crec/147/S/8570
rsd-172,2020,Boston College Magazine,Mod World,institutional_retrospective,Burns lived in Mod 36A as a BC student and revisited it after his 2002 commencement address; concrete college-life anchor,https://www.bc.edu/content/bc-web/sites/bc-magazine/bc-magazine-spring-2020-issue/features/mod-world.html
rsd-173,2026,Boston College,The Seminar,institutional_retrospective,Burns recalls Mark O'Connor's history teaching and antiwar poetry as formative; gives non-baseball intellectual context for BC years,https://www.bc.edu/bc-web/bcnews/campus-community/faculty/the-seminar.html
rsd-174,2025,Boston College Libraries,Historical Newspapers — Boston College Newspapers,archive_index,Confirms The Heights Chronicle and other BC serials are digitized and keyword searchable; primary route for 1974-78 Burns and baseball searches,https://libguides.bc.edu/c.php?g=985438&p=9804296
rsd-175,2026,Boston College Burns Library,Boston College scrapbooks collection,archive_finding_aid,Open research collection with athletics-heavy clippings photographs programs and ephemera including 1975-1977; high-value route for 1975 campus baseball context,https://findingaids.bc.edu/repositories/2/resources/831
rsd-176,2026,Boston College Burns Library,Boston College Office of Public Relations records,archive_finding_aid,Mid-to-late twentieth-century PR records covering Burns undergraduate years; possible profiles photographs honors commencement and campus-life evidence,https://findingaids.bc.edu/repositories/2/resources/863
rsd-177,2003,PBS Frontline,Blair's War transcript — Benoit d'Aboville and Nicholas Burns,near_primary_bilateral_witness,Direct French and American explanations of NATO Turkey-planning dispute; closes allied-witness gap for chapter 13,https://www.pbs.org/wgbh/pages/frontline/shows/blair/etc/script.html
rsd-178,2003,U.S. Department of State / Nicholas Burns,The New NATO: Healing the Rift,primary_official,Post-Iraq repair rhetoric; praise of German NATO ambassador after severe dispute; institutional maintenance,https://2001-2009.state.gov/p/eur/rls/rm/2003/21241.htm
rsd-179,2003,U.S. Department of State / Nicholas Burns,The Future of NATO — Senate testimony,primary_official,Turkey crisis sequence; Article 4; Defense Planning Committee at 18; invited ambassadors' private concerns,https://2001-2009.state.gov/p/eur/rls/rm/2003/19259.htm
rsd-180,2003,El Pais,La UE intenta aplacar la presion de EE UU contra su plan de defensa,contemporaneous_reporting,Later 2003 Burns-d'Aboville professional friction after Iraq rupture; institutional continuity despite disagreement,https://elpais.com/diario/2003/10/21/internacional/1066687212_850215.html
rsd-181,1978,John J. Burns Library / Boston College Office of Public Relations,Commencement 1978 — BC-1986-003,primary_archive_finding_aid,Exact open archival location for Burns graduation context: Box 36 folders 37-39 and Box 43 folder 4,https://findingaids.bc.edu/repositories/2/archival_objects/162944
rsd-182,n.d.,Wellesley Free Library,Wellesley Townsman research page,local_primary_archive_index,Confirms Townsman 1906-2005 digital archive and microfilm through 2023; primary route for Little League Babe Ruth and St James verification,https://www.wellesleyfreelibrary.org/engage/your-community/researchwellesley-townsman-newspaper/
rsd-183,n.d.,Wellesley Free Library,Getting Started with the Digital Wellesley Townsman 1906-1989,archive_search_guide,Documents exact phrase date range and byline search functions for targeted Burns/Sanford/Chris Burns youth-baseball search,https://www.wellesleyfreelibrary.org/wp-content/uploads/2015/08/Getting-Started-with-the-Digital-Wellesley-Townsman-1906.pdf
rsd-184,1980s,U.S. Department of State personnel directory / Columbia Libraries,Jerusalem Consulate personnel listing,primary_period_directory,Lists R Nicholas Burns as ECO/COM under Morris Draper; defines 1985-87 colleague witness pool,https://www.columbia.edu/cu/lweb/digital/collections/cul/texts/ldpd_6260645_017/ldpd_6260645_017.pdf
rsd-185,n.d.,Association for Diplomatic Studies and Training,Israel country reader — Douglas Keene oral history,oral_history_direct_colleague,Keene names young Nick Burns as aid-program colleague in Jerusalem; witness route for 1985-87 context,https://www.adst.org/Readers/Israel.pdf
rsd-186,2025,Harvard Gazette,Lesson No. 1 — It pays to be nice to your allies,institutional_interview,Post-Beijing return to Harvard; alliances as strategic advantage; career reflection,https://news.harvard.edu/gazette/story/2025/04/lesson-no-1-it-pays-to-be-nice-to-your-allies/
rsd-187,2025,Harvard Kennedy School,The importance of a strong—and diplomatic—relationship with China,institutional_interview,First day back at HKS; difficult competitive U.S.-China relationship; return to teaching,https://www.hks.harvard.edu/faculty-research/policy-topics/international-relations-security/importance-strong-and-diplomatic
rsd-188,2026,PBS / Amanpour and Company,September 9 2026 — Nicholas Burns interview,first_person_interview,Living-subject reassessment; Burns says he supported the 2003 Iraq invasion at the time and now regards that judgment as wrong,https://www.pbs.org/video/september-9-2026-prwre2/
rsd-189,2007,U.S. Department of State / Nicholas Burns,On-the-record briefing on U.S.-India 123 Agreement,primary_official,Burns negotiating role; reprocessing endgame; bilateral text completion; remaining institutional gates,https://2001-2009.state.gov/p/us/rm/2007/89559.htm
rsd-190,2007,U.S. Department of State / Condoleezza Rice and Pranab Mukherjee,United States and India Complete Civil Nuclear Negotiations,primary_bilateral_statement,Joint U.S.-Indian confirmation of completed 123 negotiations; IAEA NSG and congressional next steps,https://2001-2009.state.gov/secretary/rm/2007/89522.htm
rsd-191,2007,U.S. Department of State / Nicholas Burns,U.S.-India Agreement for Peaceful Nuclear Cooperation,primary_official,Burns August 3 roundtable; reprocessing facility turning point; IAEA and NSG sequence,https://2001-2009.state.gov/p/us/rm/2007/91412.htm
rsd-192,2007,U.S. Department of State,U.S. and India Release Text of 123 Agreement,primary_bilateral_text,Full bilateral agreement text; sovereignty reciprocity termination return fuel and reprocessing provisions,https://2001-2009.state.gov/r/pa/prs/ps/2007/aug/90050.htm
rsd-193,2007,U.S. Department of State,U.S.-India Civil Nuclear Cooperation Initiative — Bilateral Agreement on Peaceful Nuclear Cooperation,primary_official_fact_sheet,Summary of 123 terms and remaining IAEA NSG congressional gates,https://2001-2009.state.gov/r/pa/prs/ps/2007/89552.htm
rsd-194,2007,U.S. Department of State,Under Secretary Burns Travel to India for Talks on 123 Agreement,primary_official_travel_record,May 31–June 2 New Delhi negotiation; Burns-Menon talks; senior Indian interlocutors; work remaining,https://2001-2009.state.gov/p/us/travel/2007/85815.htm
rsd-195,2020,Miller Center / Evan A. Feigenbaum,Evan A. Feigenbaum Oral History Part II,oral_history_direct_participant,India civil-nuclear endgame; Burns role as 123 negotiator; later IAEA NSG phase and interagency handoff,https://millercenter.org/the-presidency/presidential-oral-histories/evan-feigenbaum-oral-history-part-ii
rsd-196,2006,U.S. Department of State / Condoleezza Rice,Statement by Secretary of State Condoleezza Rice — May 31 2006,primary_official,U.S. conditional offer to join nuclear negotiations if Iran verifiably suspended enrichment and reprocessing,https://2001-2009.state.gov/secretary/rm/2006/67088.htm
rsd-197,2006,U.S. Department of State / Nicholas Burns,Responding to Iran’s Nuclear Ambitions — Next Steps,primary_official_testimony,Burns account of P5+1 coalition; 2006 incentives track; suspension condition; Security Council strategy,https://2001-2009.state.gov/p/us/rm/2006/73914.htm
rsd-198,2006,United Nations Security Council,Security Council demands Iran suspend uranium enrichment by 31 August,primary_multilateral_record,Resolution 1696 adoption; IAEA confidence concerns; Iranian representative states peaceful-program position,https://press.un.org/en/2006/sc8792.doc.htm
rsd-199,2006,Permanent Mission of Iran to the United Nations,Letter dated 31 July 2006 to the President of the Security Council,primary_foreign_government,Iranian stated legal and political position; claimed right to peaceful nuclear technology,https://digitallibrary.un.org/record/580547?ln=en
rsd-200,2006,United Nations Security Council,S/RES/1737 (2006),primary_multilateral_resolution,First sanctions resolution after Iran did not meet suspension demand; sanctions architecture,https://main.un.org/securitycouncil/en/s/res/1737-%282006%29
rsd-201,2007,United Nations Security Council,S/RES/1747 (2007),primary_multilateral_resolution,Expanded Iran sanctions; next step in P5+1 and Security Council pressure sequence,https://main.un.org/securitycouncil/en/s/res/1747-%282007%29
rsd-202,2008,United Nations Security Council,1737 Committee resolutions index,primary_multilateral_index,Official chronology and summary of resolutions 1696 1737 1747 and 1803; sanctions sequence verification,https://main.un.org/securitycouncil/en/sanctions/1737/resolutions
rsd-203,2006,Arms Control Association,U.S. Offers Iran Direct Talks,independent_nonproliferation_analysis,Contemporary specialist account of May 2006 policy shift; EU3 diplomacy; suspension precondition; Iranian reactions,https://www.armscontrol.org/act/2006-06/iran-nuclear-briefs/us-offers-iran-direct-talks
rsd-204,2006,European Parliament,Verbatim report of proceedings — 14 June 2006,primary_european_institutional,European description of Solana-presented package and diplomatic-solution strategy; EU agency in Iran negotiation,https://www.europarl.europa.eu/doceo/document/CRE-6-2006-06-14_EN.html
rsd-205,2006,International Atomic Energy Agency,Implementation of the NPT Safeguards Agreement in the Islamic Republic of Iran — GOV/2006/15,primary_technical_multilateral,IAEA factual safeguards and enrichment record; technical anchor separate from U.S. policy claims,https://www.iaea.org/sites/default/files/documents/gov2006-15.pdf
rsd-206,n.d.,Boston Red Sox / MLB,Fenway Park Living Museum — General Managers,institutional_archive_context,Dan Duquette 1994-2002 baseball-operations context and international-scouting expansion; secondary Greece archive route,https://www.mlb.com/redsox/ballpark/museum/personalities/general-managers
rsd-207,n.d.,Boston Red Sox / MLB,Fenway Park Timeline 2000-2009,institutional_archive_context,Identifies John Harrington as CEO during period when contemporaneous reports said club support for Greek baseball was pledged,https://www.mlb.com/redsox/ballpark/museum/timeline/2000-2009
rsd-208,2004,U.S. Department of State,Bureau of European and Eurasian Affairs remarks index — 2004,primary_official_index,Negative-source audit around Oct 27-28 2004; no obvious indexed Burns appearance between Oct 13 and Nov 4; does not establish location,https://2001-2009.state.gov/p/eur/rls/rm/c11132.htm
rsd-209,2004,NATO,NATO Press Releases 2004,primary_official_index,Late-October NATO public-event cross-check for championship-night gap; no direct Burns reaction recovered,https://www.nato.int/docu/pr/2004/index.html
rsd-210,2004,NATO,NATO Speeches 2004,primary_official_index,Late-October NATO transcript cross-check for championship-night gap; preserves uncertainty rather than inferring whereabouts,https://www.nato.int/docu/speech/2004/index.html
rsd-211,2006,Ministry of External Affairs Government of India,India’s Foreign Relations 2006 — Shyam Saran address on the July 18 2005 Joint Statement,primary_foreign_government,Direct Indian framing one year after leaders bargain; reciprocal commitments; strategic-program boundary; Indian view of U.S. legislation,https://www.mea.gov.in/images/pdf/main_2006.pdf
rsd-212,2018,Shyam Saran / Business Standard,Alternative facts on the nuclear deal,authored_retrospective,Direct Saran retrospective; identifies Burns as counterpart; corrects published accounts; Indian negotiating objectives and text changes,https://www.business-standard.com/article/beyond-business/alternative-facts-on-the-nuclear-deal-118052900010_1.html
rsd-213,2008,Ronen Sen / Press Trust of India / India Today,Government committed to Indo-US nuclear deal — Ronen Sen,near_primary_official_reporting,Indian ambassador perspective on democratic process; bilateral 123 obligations; IAEA and NSG gates during political stall,https://www.indiatoday.in/latest-headlines/story/govt-committed-to-indo-us-nuclear-deal-ronen-sen-23594-2008-03-13
rsd-214,2007,Daryl G. Kimball and Fred McGoldrick / Arms Control Association,U.S.-Indian Nuclear Agreement — A Bad Deal Gets Worse,independent_nonproliferation_analysis,Serious contemporary criticism of India exception; testing termination fuel assurances reprocessing and nonproliferation-system costs,https://www.armscontrol.org/pressroom/2007-08/us-indian-nuclear-agreement-bad-deal-gets-worse
rsd-215,2019,Ashoka University,The Indo-U.S. Nuclear Deal — Shivshankar Menon talk,institutional_near_primary,Public Menon retrospective on the civil-nuclear negotiation; counterpart-side source route pending direct use of Choices,https://www.ashoka.edu.in/the-indo-u-s-nuclear-deal/
rsd-216,2018,IANS / Business Standard,Nuclear deal with US finest example of India’s foreign policy success,retrospective_reporting,Shyam Saran and S. Jaishankar ten-year retrospective; strategic goals distinguished from limited commercial nuclear business,https://www.business-standard.com/amp/article/news-ians/nuclear-deal-with-us-finest-example-of-india-s-foreign-policy-success-118081000497_1.html
rsd-217,2002,Boston College / R. Nicholas Burns,Remarks at Boston College Commencement Exercises,primary_institutional_transcript,Exact pre-2004 World Series prediction; documents hope before the 2004 championship,https://www.bc.edu/bc-web/bcnews/campus-community/alumni/r--nicholas-burns-2002-commencement-address.html
rsd-218,1997,Washington Post / Al Kamen,A Farewell Curveball for State's Spokesman,contemporaneous_reporting,Charles Wolfson arranged a Roger Clemens-signed Toronto photo for Burns after the State podium jokes,https://www.washingtonpost.com/archive/politics/1997/10/27/a-farewell-curveball-for-states-spokesman/47b5db89-bd64-4361-b19e-161126e91e86/
rsd-219,1999,American School of Classical Studies at Athens,Newsletter Winter 1999,contemporaneous_institutional,Elizabeth Baylies-Burns explicitly co-hosts Embassy Residence Gennadeion fundraising dinner; event produces $70000 in pledges,https://www.ascsa.edu.gr/uploads/media/Newsletter_Winter_1999.pdf
rsd-220,2003,eKathimerini,Three landmark concerts to raise money for charity organizations,contemporaneous_reporting,Confirms Baylies-Burns remained honorary president of MDA Hellas as organization raised funds for second unit,https://www.ekathimerini.com/culture/17089/three-landmark-concerts-to-raise-money-for-charity-organizations/
rsd-221,1999,Connecticut College Magazine,Fall 1999 alumni class note,contemporaneous_alumni_reporting,Contemporary peer-community description of Libby in Athens and couple working to build bridges between United States and Greece; supporting texture only,https://fileserver-az.core.ac.uk/download/pdf/46709626.pdf
rsd-222,2022,Foreign Affairs / Nicholas Burns,Alone in Beijing: A View From the Embassy,first_person_interview,Burns contemporaneously explains that effective embassies must speak to host-country publics and that social media is now part of diplomacy; useful interpretation of feed strategy,https://www.foreignaffairs.com/podcasts/alone-beijing-view-embassy-nicholas-burns
rsd-223,2023,Christian Science Monitor / Ann Scott Tyson,Bush House: How the US ambassador's home in China got its name,contemporaneous_reporting_and_interview,Burns describes walking to Tiananmen with Libby; both studying Chinese; second-class train conversations; local Beijing soccer outing and green scarves,https://www.csmonitor.com/World/Asia-Pacific/2023/1024/Bush-House-How-the-US-ambassador-s-home-in-China-got-its-name
rsd-224,2024,Rachel Meets China / Rachel Weiss,Meeting the U.S. Ambassador to China: An Art Exhibition Experience,near_primary_eyewitness,Attendee says Libby conceived residence event featuring Chinese and China-inspired artists and introduced artists; use with explicit eyewitness attribution,https://rachelmeetschina.com/2024/10/16/meeting-the-u-s-ambassador-to-china-an-art-exhibition-experience/
rsd-225,n.d.,Meadowbrook Studio,Paintings in US Embassy in Beijing Republic of China,artist_first_person,Artist says Burns and Libby personally selected two works for State Art in the Embassies display at Beijing residence; corroborates shared residence-curation role,https://meadowbrookstudio.com/
rsd-226,2024,Wild Beijing / Ambassadors for Nature,US Ambassador hosts Ambassadors for Nature event in Beijing,local_institutional,Documents Burns and Elizabeth Baylies jointly hosting residence event with Chinese academics diplomats and PhD students around Beijing biodiversity,https://wildbeijing.org/tag/us-ambassador/
rsd-227,2024,CBS News / 60 Minutes,China's crackdown on American businesses leaves investors wary,first_person_broadcast_transcript,Documents Burns and Libby walking local Beijing park and Burns recalling shared 21-day arrival quarantine,https://www.cbsnews.com/news/china-crackdown-on-american-business-leaves-investors-in-us-wary-60-minutes-transcript/
rsd-228,2026,China Daily / Dahe,Foreign policies of China US offer a stark contrast,secondary_report_verification_lead,Reports Burns attributing substantive China lesson to Libby at March 2 Asia Society event; do not use as primary quotation until event video transcript verified,https://5g.dahe.cn/en/202603272072304
rsd-229,1981,Historic American Buildings Survey / U.S. Military Academy,United States Military Academy HABS historical report,primary_federal_archive,Credits Libby Baylies Burns with Katherin Grandine for assembling West Point structures inventory during summer 1981; establishes pre-diplomatic historic-preservation work,https://tile.loc.gov/storage-services/master/pnp/habshaer/ny/ny1300/ny1393/data/ny1393data.pdf
rsd-230,1982,Library of Congress / HABS-HAER,Watertown Arsenal Watertown Middlesex County Massachusetts,primary_federal_archive,Credits Baylies Libby as historian; underlying report identifies Libby Baylies Burns and Betsy Bahr as field historians conducting research inventory evaluation and preservation recommendations,https://www.loc.gov/pictures/item/ma1291/
rsd-231,1982,HABS-HAER / Library of Congress,Watertown Arsenal Building No. 142 bibliography,primary_federal_archive,Connects Libby Baylies draft National Register nomination with Libby Baylies Burns and Betsey Bahr Watertown Arsenal federal survey; strong naming/provenance link,https://tile.loc.gov/storage-services/master/pnp/habshaer/ma/ma1600/ma1639/data/ma1639data.pdf
rsd-232,2015,NASA,The First A: The Other NASA,federal_secondary_history,Later NASA institutional history cites Libby Baylies Burns and Betsy Bahr Watertown Arsenal HAER study; demonstrates scholarly/federal afterlife of preservation work,https://www.nasa.gov/wp-content/uploads/2015/04/NASAsFirstA-508-ebook.pdf
rsd-233,2024,U.S. Embassy & Consulates in China / Nicholas Burns,Ambassador Nicholas Burns' Remarks on Independence Day,primary_official,Direct first-person childhood memory: Burns played Little League baseball with friends at Bates School in Wellesley; connects youth baseball to Katharine Lee Bates and America the Beautiful,https://china.usembassy-china.org.cn/ambassador-nicholas-burns-remarks-on-independence-day/
rsd-234,2006,WellesleyWeston Magazine / Beth Hinchliffe,Wellesley's Fells Neighborhood,local_history,Confirms Bates School was named for Katharine Lee Bates author of America the Beautiful and documents neighborhood identity; contextualizes Burns 2024 memory,https://wellesleywestonmagazine.com/past-issues/summer-2006-table-of-contents/wellesleys-fells-neighborhood/
rsd-235,2014,Town of Wellesley,North 40 Final Report — athletic-field inventory,municipal_record,Identifies Kelly Fields at Bates School as youth baseball fields; modern site continuity only not proof of Burns exact childhood diamond,https://www.wellesleyma.gov/DocumentCenter/View/43274/North-40-Final-Report-with-Appendix_2014
rsd-236,n.d.,Wellesley Youth Baseball & Softball,Wellesley Little League field locations,local_sports_institutional,Identifies Kelly Fields at Bates School as current Wellesley youth-baseball complex; geographic corroboration with chronological guardrail,https://wellesleyyouthbaseballandsoftball.teamsnapsites.com/wp-content/uploads/sites/270/2023/09/NEW_Safety_WYBS_2021.pdf
rsd-237,n.d.,Town of Wellesley,Boulder Brook Reservation trail guide,municipal_record,Describes playing fields and baseball field adjacent to Bates School; site geography only,https://www.wellesleyma.gov/DocumentCenter/View/25913/Boulder-Brook-Reservation
rsd-238,1974,Wellesley High School,Wellesleyan 1974 yearbook — AFS section,primary_school_archive,Names Nick Burns among Wellesley students sent abroad and records his three-month Luxembourg AFS experience; adolescence context alongside local baseball,https://www.e-yearbook.com/yearbooks/Wellesley_High_School_Wellesleyan_Yearbook/1974/Page_1.html
rsd-239,1996,Associated Press / Hereford Brand,Nicholas Burns on Roger Clemens leaving Boston,contemporaneous_wire_report,Preserves Burns comparison of Clemens with Ted Williams and Carl Yastrzemski as lifelong Red Sox and mock traitor language,https://newspapers.swco.ttu.edu/bitstream/handle/20.500.12255/76208/Hereford_Brand_1996_12_17.pdf?isAllowed=y&sequence=1
rsd-240,1996,SFGate / contemporary sports report,Rangers bet farm on Wetteland,contemporaneous_reporting,Independent preservation of Burns Williams-Yastrzemski lifelong-Red-Sox comparison after Clemens departure,https://www.sfgate.com/sports/article/rangers-bet-farm-on-wetteland-3109588.php
rsd-241,1997,U.S. Department of State / Nicholas Burns,Daily Press Briefing — April 25 1997,primary_official,Reporter throws Burns's Roger Clemens treason joke back at him during unrelated policy exchange; demonstrates reciprocal press-room ritual; Burns then cites Red Sox extra-inning win,https://1997-2001.state.gov/briefings/9704/970425.html
rsd-242,2004,Associated Press / eKathimerini,Greece's baseball team coach dies at 44,contemporaneous_wire_report,Rob Derksen obituary identifies prior management in Boston Red Sox minor-league system before Orioles scouting and Greek Olympic role; network resonance not proof of club support,https://www.ekathimerini.com/sports/23715/greece-s-baseball-team-coach-dies-at-44/
rsd-243,1997,StatsCrew,Sarasota Red Sox 1997 roster and staff,baseball_record,Identifies Rob Derksen as manager of Boston's Sarasota Red Sox Class A affiliate in 1997; corroborates specific Red Sox farm-system role,https://www.statscrew.com/minorbaseball/roster/t-ss14430/y-1997
rsd-244,1972,Wellesley High School,Wellesleyan 1972 — varsity wrestling spread,primary_school_archive,Lists Nick Burns on varsity wrestling roster; team 6-3-1 and third in Bay State League; identification strengthened by later school records and repeated Eliot Powell pairing,https://www.e-yearbook.com/yearbooks/Wellesley_High_School_Wellesleyan_Yearbook/1972/Page_1.html
rsd-245,1973,Wellesley High School,Wellesleyan 1973 — Student Government,primary_school_archive,Names Nick Burns in Student Government; cross-year identity bridge between 1972 athletic roster and 1974 independently matched AFS record,https://www.e-yearbook.com/yearbooks/Wellesley_High_School_Wellesleyan_Yearbook/1973/Page_1.html
rsd-246,1996,SFGate / contemporary sports report,Rangers bet farm on Wetteland,contemporaneous_reporting,Preserves Burns's Williams and Yastrzemski lifelong-Red-Sox comparison and fuller Clemens loyalty language,https://www.sfgate.com/sports/article/Rangers-bet-farm-on-Wetteland-3109588.php
rsd-247,2024,Greek News USA,Alpha Omega Hosts 2024 Greek Heritage Night with Boston Red Sox at Fenway Park,community_reporting,Identifies current Greece manager Chris Demetral as 2004 Olympic roster member and Noah Zavolas as Boston-raised Greek national-team pitcher at Fenway event,https://www.greeknewsusa.com/alpha-omega-hosts-2024-greek-heritage-night-with-boston-red-sox-at-fenway-park-june-4/
rsd-248,2024,Greek Orthodox Archdiocese of America,Greek Heritage Night at Fenway Park June 4 2024,institutional_community,Documents event focus on Harry Agganis and Greek-American community; supports long-term Boston Hellenic baseball context,https://www.goarch.org/-/greek-heritage-night-red-sox-2024
rsd-249,2024,Boston Red Sox / MLB,Red Sox to host nearly 20 cultural and identity celebrations at Fenway Park for 2024 season,club_primary,Confirms June 4 Greek Celebration was official Red Sox cultural-program event,https://www.mlb.com/amp/press-release/press-release-red-sox-to-host-nearly-20-cultural-and-identity-celebrations-at-fenway-park-for-2024-season.html
rsd-250,2025,Alpha Omega Council,Honors Gala Philhellene Award — The Boston Red Sox,community_institutional,Says Red Sox and Alpha Omega Council have co-hosted Greek Heritage Night since 2018; honors Agganis legacy; Red Sox named 2025 Philhellene Honoree,https://alphaomegacouncil.org/3-red-sox/
rsd-251,2026,Greek Reporter,Alpha Omega Council Celebrates 2026 Greek Heritage Night with Boston Red Sox,contemporary_reporting,Documents continuing Fenway Greek-community tradition and names Bill Galatis among pioneers; creates archival lead linking known Greece-baseball grassroots figure to later Boston platform without proving direct continuity,https://greekreporter.com/2026/06/08/alpha-omega-council-celebrates-2026-greek-heritage-night-boston-red-sox/
rsd-252,2004,CNN / Dan Lothian,American Sportsmen — Greek Olympic baseball segment,contemporary_broadcast_transcript,Identifies Bill Galatis and Chuck Samiotes as best friends business partners die-hard Red Sox fans and instrumental Greek-baseball builders who helped build a field train youth and recruit players,https://transcripts.cnn.com/show/asb/date/2004-08-06/segment/00
rsd-253,2006,Boston Magazine / Corby Kummer,Dining Out: Modern Greece,contemporary_local_profile,Independently identifies Bill Galatis and Chuck Samiotes together as Meze co-owners; strengthens same-person continuity across Olympic-baseball reporting,https://www.bostonmagazine.com/reviews/2006/08/08/dining-out-modern-greece/
rsd-254,2009,Somerville News / Doug Holder,Bill Galatis: A Somerville native with new ideas baking,biographical_profile,Identifies Galatis in mid-fifties as former corporate accountant Lyndells owner and Greek-community philanthropist; identity bridge to later Fenway work,https://www.thesomervilletimes.com/archives/1914
rsd-255,n.d.,Lyndells Bakery,Our History,business_primary,States Bill Galatis became fourth/current Lyndells owner in 2000; corroborates continuity of Galatis biography,https://lyndells.com/about/
rsd-256,2018,Lynn Journal / Cary Shuman,A Labor of Love: Galatis Worked Hard to Create Red Sox Tribute to Harry Agganis,first_person_local_reporting,Galatis says he approached Red Sox historian Gordon Edes; Edes took proposal to senior management; Galatis proposed wider Greek Heritage celebration; establishes named modern Red Sox mechanism,https://lynnjournal.com/2018/06/21/a-labor-of-lovegalatis-worked-hard-to-create-red-sox-tribute-to-harry-agganis/
rsd-257,2018,GreekBoston TV,The Greek Show — May 7 2018,local_program_listing,Identifies Bill Galatis as Head-Coordinator of Boston Red Sox Greek Heritage Night; corroborates 2018 role,https://www.greekboston.com/greek-program-tv-show/
rsd-258,2006,Exile / Valerie Kontakos,Who's on First?,documentary_metadata_and_editorial_description,High-value critical archival target on local Greek players being displaced as Greek-American professionals were recruited; do not adopt distributor framing as fact without viewing film,https://www.exile.gr/en/activities/who-s-on-first/
rsd-259,2007,NEO Magazine,New York Greek Film Festival — Who's On First?,independent_film_listing,Confirms Kontakos documentary examines intervention of Greek-American professionals in creation of Greece Olympic baseball team; counter-narrative source route,https://neomagazine.com/2007_10_october/2007_10_film.html
rsd-260,n.d.,Samiotes Consultants,Charles Chuck Samiotes PE biography,first_person_company_biography,Identifies Samiotes as die-hard Red Sox fan and participant in Kontakos documentary about starting Greek baseball team; current witness/interview lead,https://www.samiotes.com/chuck-samiotes
rsd-261,1999/2002,City of Boston Parks and Recreation,Open Space Plan — Jim Rice Field at Ramsay Park,primary_municipal_record,Official city record says MLB and Boston Red Sox donated $435382 to reconstruct Ramsay ballfield as Fenway-like Jim Rice Field; corroborates 1999 club/league development project,https://www.cityofboston.gov/parks/pdfs/os3n.pdf
rsd-262,n.d.,Samiotes Consultants,Jim Rice Field at Ramsey Park,first_person_company_project_history,Says firm donated civil engineering for 1999 Jim Rice Field and collaborated with MLB Boston Red Sox City of Boston HOK and South End Baseball Program; creates Samiotes-to-Red-Sox network lead,https://www.samiotes.com/jim-rice-field
rsd-263,n.d.,Yawkey Foundation,Origin Story for Youth and Amateur Athletics,institutional_retrospective,Independently says proceeds from 1999 All-Star festivities were directed to Boston for Jim Rice Field rehabilitation; corroborates project context,https://yawkeyfoundation.org/giving/youth-amateur-athletics/origin-story/
rsd-264,2022,Boston Baseball History,Jim Rice Looks Back on His Hall of Fame Career,retrospective_baseball_history,Credits Red Sox and MLB with construction of Jim Rice Field from 1999 All-Star Workout Day ticket proceeds; secondary corroboration of club/league role,https://bostonbaseballhistory.com/new-jim-rice-looks-back-on-his-hall-of-fame-career/
rsd-265,2004,eKathimerini / Alexandra Koroxenidis,The game's the thing... or is it?,contemporaneous_reporting,Olympic-time account of local Greek baseball players and Who's on First documentary; reports only 2 of 13 locally trained players selected and coach Dimitris Gousios resignation; captures process grievance rather than simple skill denial,https://www.ekathimerini.com/culture/25025/the-game-s-the-thing-or-is-it/
rsd-266,2004,Washington Post,Greece to Pay Tribute to Its Beloved Baseball Coach,contemporaneous_reporting,Reports local Greek players competing for roster spots admired Derksen because he taught them the game; complicates simple diaspora-versus-local framing,https://www.washingtonpost.com/archive/sports/2004/07/04/greece-to-pay-tribute-to-its-beloved-baseball-coach/8a77e2e2-581b-41e4-8b4f-056e4f2dbac4/
rsd-267,2025,Bloomberg Surveillance / Nicholas Burns,Equity Rally Continues as Tariff Pause Continues,primary_broadcast_interview,Burns post-Beijing account says he and Libby did not personally encounter direct anti-Americanism in conversations with Chinese people; shared-experience evidence not general public-opinion claim,https://www.youtube.com/watch?v=ctf9BnHoLU8
rsd-268,2025,Bloomberg Surveillance,Equity Rally Continues as Tariff Pause Continues,official_program_mirror,Official podcast/program mirror corroborating May 27 2025 Burns interview provenance,https://omny.fm/shows/bloomberg-surveillance/equity-rally-continues-as-tariff-pause-continues
rsd-269,2026,Asia Society,Trump-Xi Summit 2026: What to Expect for U.S.-China Relations,primary_event_video_verification_target,Exact public video object for Burns event where secondary reporting attributes substantive China lesson to Libby; wording/timestamp not yet independently verified so do not promote quotation to primary evidence,https://www.youtube.com/watch?v=79IHtUwRXmk
rsd-270,2003,eKathimerini,Agnes Baltsa in Athens for charity concert,contemporaneous_reporting,Says idea for sold-out Agnes Baltsa MDA Hellas benefit came from Elizabeth Baylies-Burns; rare specific evidence of Libby initiating a project after Athens posting,https://www.ekathimerini.com/culture/12536/agnes-baltsa-in-athens-for-charity-concert/
rsd-271,2004,Kathimerini,Deipno ston kipo tis Panagi Kyriakou me tin asteroessa,contemporaneous_greek_reporting,Reports journalists had been told muscular dystrophy had affected a beloved cousin in Nicholas Burns family; potential family context only; not causal proof for Libby MDA involvement,https://www.kathimerini.gr/opinion/698264/deipno-ston-kipo-tis-panagi-kyriakoy-me-tin-asteroessa/
rsd-272,2003,Boston Globe / Legacy,Esther A. Burns obituary,contemporaneous_family_record,Identifies Nicholas Burns mother and directs memorial gifts to Muscular Dystrophy Association of Greater Boston; family-level resonance with Libby MDA Hellas work but motive/connection unexplained,https://www.legacy.com/us/obituaries/bostonglobe/name/esther-burns-obituary?id=27825365
rsd-273,2009,Iatriki Online,MDA Hellas organizational profile,retrospective_medical_profile,Still identifies Elizabeth Baylies-Burns as honorary president while describing later neuromuscular units and mission; institutional afterlife evidence,https://www.iatrikionline.gr/berzovitis/2009/299-09.html
rsd-274,1998,Orthodox Observer / Greek Orthodox Archdiocese,Ambassador Burns Visits Archdiocese,contemporaneous_diaspora_reporting,Shows Burns already engaging Greek-American institutional bridge in October 1998 and discussing stronger ties with Greece before best-documented baseball-network activity,https://fliphtml5.com/iput/gvbs/Orthodox_Observer_-_November_5%2C_1998/
rsd-275,2023,Major League Baseball,History of Black Baseball Part Five,official_league_history,Red Sox as final major-league club to integrate; Pumpsie Green July 21 1959; complicates nostalgic team inheritance,https://www.mlb.com/news/featured/history-of-black-baseball-part-five
rsd-276,2019,Boston Red Sox / Major League Baseball,Red Sox mourn the passing of Pumpsie Green,official_team_history,Club record of Pumpsie Green breaking Boston color barrier July 21 1959; early-life American-history backdrop,https://www.mlb.com/press-release/press-release-red-sox-mourn-the-passing-of-pumpsie-green
rsd-277,2026,National Park Service,The Black Struggle for Equal Education in Boston 1787 to 1976,public_history_reference,1974 federal desegregation ruling; busing; resistance and racial conflict during Burns Boston College years,https://www.nps.gov/articles/000/the-black-struggle-for-equal-education-in-boston-1787-to-1976.htm
rsd-278,2026,National Park Service,Boston and the American Bicentennial of 1975-1976,public_history_reference,Busing crisis; post-Watergate and Vietnam civic context; economic strain and Bicentennial debate around 1975 World Series period,https://www.nps.gov/articles/000/boston-bicentennial.htm
rsd-279,2020,Major League Baseball,Ranking every baseball season,official_league_retrospective,1994 players strike ended season with no postseason or World Series; post-Cold War cultural backdrop,https://www.mlb.com/news/ranking-every-baseball-season
rsd-280,2021,Major League Baseball,Yankees reflect on returning to baseball after 9/11,official_league_retrospective,Baseball resumed September 17 2001; Yankees and New York civic role after attacks; background for NATO chapters,https://www.mlb.com/news/featured/yankees-reflect-on-returning-to-baseball-after-9-11/
rsd-281,2006,George W. Bush White House Archive,Baseball at the White House,primary_official_archive,2001 World Series first pitch framed as symbol of ordinary American life continuing after September 11,https://georgewbush-whitehouse.archives.gov/baseball/
rsd-282,2020,Major League Baseball,2013 Boston Strong year in review,official_league_retrospective,Red Sox public role after Boston Marathon bombing; Boston Strong; 2013 championship and civic recovery context,https://www.mlb.com/redsox/news/mlb-2013-year-in-review
rsd-283,2013,Major League Baseball,2013 Postseason History,official_league_history,Red Sox defeat Cardinals in six games; World Series championship and first Fenway home-field clincher since 1918,https://www.mlb.com/postseason/history/2013
rsd-284,2022,Lynn Journal,Red Sox honor Jazzy Sportswear of Lynn,retrospective_local_reporting,Quotes longtime supplier saying Ron Burton Jr gave him opportunity to supply Red Sox Community Relations 26 years earlier circa 1996; places Burton in community-relations network before Greece-support window,https://lynnjournal.com/2022/09/15/red-sox-honor-jazzy-sportswear-of-lynn/
rsd-285,2004,Kevin Shea / Fenway Lives,Fenway Lives — Red Sox Administration index,bibliographic_staff_source,Lists Dick Bresciani VP Public Affairs and Ron Burton Jr Community Relations Manager; useful departmental map and archival route not proof of Greek-project participation,https://cincinnatistate.ecampus.com/fenway-lives-team-behind-team-people-who/bk/9781579400903
rsd-286,2002,University of Massachusetts Athletics,UMass Athletic Hall of Fame Adds Six,institutional_biography,States Bresciani headed Red Sox Public Affairs department including publications photography community/customer relations and archives and chaired 1999 All-Star task force; strongest organizational-map source near Greece window,https://umassathletics.com/sports/2016/7/5/genrel-062102aaa-html
rsd-287,2026,Boston Red Sox / MLB,Larry Cancro — Front Office Directory,club_institutional,Identifies Cancro as VP Sales and Marketing 1996-2003 and member of 1999 All-Star task force; candidate witness/archive node not evidence of Greece participation,https://www.mlb.com/redsox/team/front-office/larry-cancro
rsd-288,n.d.,The Muncey Group,Adam Shamus biography,first_person_professional_biography,Says Shamus began career in Boston Red Sox Community Relations and spent several years at Fenway; potential workflow witness,https://munceygroup.com/agents/adam-shamus
rsd-289,n.d.,Homes.com / Adam Shamus,Adam Shamus biography,first_person_professional_biography,Says highlight of Shamus Red Sox Community Relations tenure was participation in 1999 All-Star Game festivities; places rank-and-file witness inside exact event machinery,https://www.homes.com/real-estate-agents/adam-shamus/ht1lmt2/
rsd-290,2006,Boston Magazine,Sox Appeal,retrospective_reporting,Reports post-2002 management found bags of unopened mail in old Community Relations offices; methodological caution that missing old correspondence may be weak negative evidence,https://www.bostonmagazine.com/uncategorized/2006/05/15/sox-appeal/
rsd-291,2015,Boston Red Sox / MLB,Red Sox hire journalist Edes to be club historian,club_institutional,Documents Gordon Edes succeeding Bresciani as team historian and continuation of club history/archive function; concrete route into institutional archive,https://www.mlb.com/redsox/news/red-sox-hire-gordon-edges-as-club-historian/c-156951982
rsd-292,2015,Boston.com / Chad Finn,Fenway Sports Group hires Gordon Edes as Red Sox team historian,contemporary_reporting,Says historian responsibilities include publications historical archives and alumni relations; corroborates institutional archive stewardship after Bresciani,https://www.boston.com/sports/boston-red-sox/2015/11/10/fenway-sports-group-hires-gordon-edes-as-red-sox-team-historian/
rsd-293,2018,Gordon Edes,Why we honored Harry Agganis,first_person_club_history,Edes first-person account of Red Sox Greek Heritage Night tribute to Agganis; pairs with Galatis account and makes Edes high-value later Greek-American outreach witness without proving 1999 knowledge,https://gewrite.medium.com/why-we-honored-harry-agganis-939f3b87a61b
rsd-294,2024,Boston Park League,Historical Award Winners,community_baseball_archive,Lists Ron Burton Jr as 2000 Thomas Yawkey Memorial Sportsman Award recipient immediately after Dan Duquette in 1999; supports Burton visibility in Boston amateur/community baseball ecosystem not Greece participation,https://bostonparkleague.org/historical-award-winners/
rsd-295,2022,Association for Diplomatic Studies and Training / John M. Koenig,Ambassador John M. Koenig oral history,primary_oral_history,Koenig says Burns had discussed bringing him to NATO and later put him forward as USNATO DCM; describes role as roughly half mission management and half negotiation and gives detailed Brussels mission structure; targeted searches find no baseball/Red Sox mention,https://adst.org/OH%20TOCs/Koenig.John.pdf
rsd-296,2005,U.S. Department of State,Belgium Background Note 02/05,official_roster,Lists Nicholas Burns as Permanent U.S. Representative to NATO and John M. Koenig as USNATO Deputy Chief of Mission; independently confirms leadership relationship near championship period,https://2009-2017.state.gov/outofdate/bgn/belgium/47409.htm
rsd-297,2021,Yale Review of International Studies,A Life of Public Service — Ambassador John Koenig interview,near_primary_interview,Koenig says Iraq invasion occurred just as he was going to NATO as deputy chief of mission and describes work at NATO headquarters; corroborates arrival before October 2004,https://yris.yira.org/europe/a-life-of-public-service-ambassador-john-koenig-on-his-experience-as-an-american-diplomat-in-europe-and-beyond/
rsd-298,2004,U.S. Department of State / mirrored Key Officers directory,Key Officers of Foreign Service Posts — USNATO 02/18/2004,period_official_directory_mirror,Lists Burns AMB Koenig DCM John Heffern POL Robert Glacel MGT Barry Levin PAO; creates named Brussels witness tree but mirror should be independently confirmed where practical,https://www.callyourlawyers.com/pdfcaselaw/keyoffcr.pdf
rsd-299,2006,U.S. Department of State,Secretary of State's Register of Culturally Significant Property — Truman Hall,official_property_archive,Identifies Truman Hall as residence of U.S. Ambassador to NATO and describes its official representational function; residence target not proof Burns watched 2004 clincher there,https://2001-2009.state.gov/documents/organization/66242.pdf
rsd-300,2005,U.S. Department of State / State Magazine,USNATO student program at Truman Hall,official_institutional,Names Cathleen Lambredis as residence manager for Truman Hall in 2005 and Koenig as charge; creates personnel/archive lead but does not establish her October 2004 tenure,https://2001-2009.state.gov/documents/organization/50902.pdf
rsd-301,2006,Art in Embassies / U.S. Mission to NATO,Brussels NATO Publication 2006,official_program_publication,Credits Cathleen Lambridis as Truman Hall Event Coordinator and Residence Manager; corroborates 2005-06 role only,https://uss58003.s3.amazonaws.com/uploads-migrated/2016/11/Brussels-NATO-Publication-2006.pdf
rsd-302,2026,University of Washington Jackson School,John Koenig biography,institutional_biography,Identifies Koenig as former Deputy Permanent Representative to U.S. Mission at NATO; contemporary access/witness route,https://jsis.washington.edu/people/john-koenig/
rsd-303,2023,Order of AHEPA,Past Supreme President Steve Manta Passes Away,institutional_retrospective,Says Manta cultivated genuine friendship with Ambassador Burns and Burns joined Manta's Milo Chapter 348 in Chicago; strong membership evidence but not contemporaneous initiation record,https://ahepa.org/past-supreme-president-steve-manta-passes-away/
rsd-304,2007,AHEPA / Hellenic Communication Service,AHEPA President Meets with US Government Officials,contemporaneous_organizational_reporting,Describes Under Secretary Burns as also a member of AHEPA during substantive 2007 meeting; independently corroborates continuing membership identity,https://www.helleniccomserve.com/ahepapresmeetsgovofficialsfeb07.html
rsd-305,2017,Order of AHEPA,AHEPA Commemorates 70th Anniversary of the Marshall Plan,institutional_retrospective,Says AHEPA Centennial Foundation raised $110000 for Marshall statue and preserves Burns/Johnny Economy dedication language,https://ahepa.org/2017-06-05-ahepa-commemorates-70th-anniversary-of-the-marshall-plan/
rsd-306,2006,American Hellenic Institute,AHI Leadership Meets Under Secretary Nicholas Burns,contemporaneous_diaspora_reporting,Says Greek-American leaders had known and worked with Burns since Athens ambassadorship and documents continuing substantive relationship after posting; not proof membership caused policy access,https://ahiworld.serverbox.net/media-center/press-releases/2006/877-ahi-leadership-meets-with-the-under-secretary-of-state-for-political-affairs-nicholas-burns.html
rsd-307,1972,Order of AHEPA / George J. Leber,History of the Order of AHEPA 1922-1972 — Harry Agganis Award,institutional_history,Documents AHEPA creating Harry Agganis Award in 1955 and annual national athletic memorial to Greek-American Red Sox player; cultural infrastructure not evidence of Burns-baseball mediation,https://ahepa.org/wp-content/uploads/2019/02/AHEPA%20History%201922%20-%201972%20By%20George%20Leber.pdf
rsd-308,2019,Order of AHEPA,Los Angeles Dodgers All-Star Receives Prestigious Hellenic Athlete Award for Excellence,institutional_contemporary,Modern Agganis Award notice identifies Agganis/Red Sox link and notes Clay Bellinger played for Greece 2004 Olympic baseball team; shows continued baseball salience in AHEPA culture,https://ahepa.org/los-angeles-dodgers-all-star-receives-prestigious-hellenic-athlete-award-for-excellence/
rsd-309,2022,Nicholas Burns / @USAmbChina,First post-lockdown trip from Beijing to Wuhan,official_social_primary,First-person ambassadorial voice; travel inside China; status ID recovered from contemporaneous USC embed,https://twitter.com/USAmbChina/status/1535803125201702912
rsd-310,2022,USC Center on Public Diplomacy,Nicholas Burns: Influencer? The Twitter Diplomacy of Biden's New China Ambassador,secondary_social_analysis,Contemporaneous analysis preserving Burns posts from Wuhan including Celtics fandom NBA viewing hiking and democratic self-description; useful independent preservation layer,https://uscpublicdiplomacy.org/blog/nicholas-burns-influencer-twitter-diplomacy-bidens-new-china-ambassador
rsd-311,2023,Nicholas Burns / @USAmbChina,NYU Shanghai students faculty and leadership,official_social_primary,Education and exchange as person-to-person diplomacy; preserved independently on Wikimedia Commons,https://twitter.com/USAmbChina/status/1650761839180136450
rsd-312,2023,Nicholas Burns / @USAmbChina,Fudan University Center for American Studies students,official_social_primary,Education and exchange; direct evidence of student-facing public diplomacy in Shanghai,https://twitter.com/USAmbChina/status/1651485805490364416
rsd-313,2023,Nicholas Burns / @USAmbChina,Pitching a baseball in China,official_social_primary,Direct primary evidence of Burns using baseball visibly during his China posting; useful to baseball-public-diplomacy strand,https://twitter.com/USAmbChina/status/1676175025446039552
rsd-314,2023,Nicholas Burns / @USAmbChina,Temple of Heaven visit,official_social_primary,First-person cultural-travel register; supports portrait of ambassadorial presence beyond formal meetings,https://twitter.com/USAmbChina/status/1697922037011071318
rsd-315,2024,Nicholas Burns / @USAmbChina,Duke Kunshan educational ties,official_social_primary,Explicit support for stronger U.S.-China educational ties; exchange as strategic relationship infrastructure,https://twitter.com/USAmbChina/status/1764909169876914590
rsd-316,2024,Nicholas Burns / @USAmbChina,Yenching Academy future leaders,official_social_primary,Student exchange and long-horizon relationship building in Burns's own ambassadorial voice,https://twitter.com/USAmbChina/status/1778411498894659924
rsd-317,2024,Nicholas Burns / @USAmbChina,Chinese student visa applicants at Embassy Beijing,official_social_primary,Burns states that America's doors are open to Chinese students; concrete exchange-policy evidence,https://twitter.com/USAmbChina/status/1788112597205581826
rsd-318,2024,Nicholas Burns / @USAmbChina,Yunnan University academic reconnection,official_social_primary,Burns argues for rebuilding academic communities and increasing American students in China after pandemic separation,https://x.com/USAmbChina/status/1789926417859227751
rsd-319,2024,Nicholas Burns / @USAmbChina,Fudan and Harvard students in Shanghai,official_social_primary,Burns explicitly calls academic exchanges essential for future U.S. and Chinese leaders to know and understand one another,https://x.com/USAmbChina/status/1806264733810696434
rsd-320,2024,Nicholas Burns / @USAmbChina,Fourth of July in Shenyang — America the Beautiful,official_social_primary,Concise statement of what Burns chose to present as American identity abroad: landscape diversity rights and freedoms,https://x.com/USAmbChina/status/1808094537203830910
rsd-321,2024,Nicholas Burns / @USAmbChina,Next generation American China scholars — four Celtics fans,official_social_primary,High-value evidence that Burns spontaneously folded Boston Celtics fandom into an official embassy exchange with young China scholars,https://x.com/USAmbChina/status/1809558763784794512
rsd-322,2024,Nicholas Burns / @USAmbChina,Traditional Mongolian triathlon,official_social_primary,Humorous self-deprecating sports post from official account; evidence of embodied cultural engagement and personal voice,https://x.com/USAmbChina/status/1811279200793579929
rsd-323,2024,Nicholas Burns / @USAmbChina,Beijing baseball clinic — future Red Sox Nation,official_social_primary,Central primary source: Burns directly links Chinese youth baseball to Red Sox Nation while serving as U.S. ambassador,https://x.com/USAmbChina/status/1848646673523728693
rsd-324,2024,Wikimedia Commons,Ambassador Nicholas Burns with next generation American China scholars,primary_source_preservation,Independent preservation of the July 6 post that calls out four Celtics fans among young China scholars,https://commons.wikimedia.org/wiki/File:Ambassador_Nicholas_Burns_at_the_Embassy_with_a_group_representing_the_next_generation_of_American_China_scholars.jpg
rsd-325,2024,Wikimedia Commons,Ambassador Nicholas Burns trying the traditional Mongolian triathlon,primary_source_preservation,Independent preservation of a humorous sports-and-cultural-engagement post from the official ambassador account,https://commons.wikimedia.org/wiki/File:Ambassador_Nicholas_Burns_trying_out_the_traditional_Mongolian_triathlon_02.jpg
rsd-326,2024,Wikimedia Commons,Fourth of July in Shenyang,primary_source_preservation,Independent preservation of Burns's America the Beautiful framing of U.S. identity rights and diversity abroad,https://commons.wikimedia.org/wiki/File:Ambassador_Burns_stands_behind_podium_next_to_US_flag_on_stage_with_CG_Sara_Yun_facing_crowd.jpg
rsd-327,2022,Nicholas Burns / @USAmbChina,Celtics fan at Wuhan consulate project,official_social_primary,High-value early evidence that Boston sports identity appeared naturally on Burns's official ambassadorial feed during field travel,https://twitter.com/USAmbChina/status/1536186469966131201
rsd-328,2022,Nicholas Burns / @USAmbChina,NBA on CCTV5 at Wuhan train station,official_social_primary,Personal sports-observation post preserved and directly linked by contemporaneous USC analysis; demonstrates ordinary sports talk within official diplomatic account,https://twitter.com/USAmbChina/status/1536522916808085505
rsd-329,2022,Nicholas Burns / @USAmbChina,Fenghuangling hike and Journey to the West,official_social_primary,First-person cultural and recreational post outside Beijing; supports human-scale ambassadorial voice,https://twitter.com/USAmbChina/status/1540907480900698112
rsd-330,2022,Nicholas Burns / @USAmbChina,American democratic self-criticism as national strength,official_social_primary,Concise statement of Burns's representation theory: patriotic while openly acknowledging national flaws; status ID recovered from contemporaneous embed,https://twitter.com/USAmbChina/status/1540531343544553472
rsd-331,2022,Nicholas Burns / @USAmbChina,Meeting with Yao Ming,official_social_primary,Contemporaneous sports-diplomacy evidence preserved with exact original status URL; later Burns retrospective says conversations with Yao deepened his appreciation of Chinese NBA fandom and supports sports-as-bridge interpretation,https://twitter.com/USAmbChina/status/1546374202462191618
rsd-332,2022,Nicholas Burns / @USAmbChina,Pride Month at U.S. Embassy Beijing,official_social_primary,Early official-feed evidence mixing institutional values with everyday embassy life; original status ID recovered from contemporaneous USC link,https://twitter.com/USAmbChina/status/1531934193923543041
rsd-333,2022,Nicholas Burns / @USAmbChina,Shanghai Jewish Refugees Museum visit,official_social_primary,Cultural-historical public diplomacy during Shanghai travel; exact status URL and official authorship preserved by Wikimedia Commons,https://twitter.com/USAmbChina/status/1565584847640600576
rsd-334,2022,Nicholas Burns / @USAmbChina,NYU Shanghai leadership visit,official_social_primary,Early education-exchange evidence from first year in post; exact status URL and official authorship preserved by Wikimedia Commons,https://twitter.com/USAmbChina/status/1565667401743495168
rsd-335,2022,Nicholas Burns / @USAmbChina,Historic former U.S. consulate building in Shanghai,official_social_primary,Institutional-memory evidence connecting present diplomatic work to history of American presence in Shanghai; exact status URL preserved by Wikimedia Commons,https://twitter.com/USAmbChina/status/1565672614944600071
rsd-336,2023,Nicholas Burns / @USAmbChina,Playing jianzi in Tianjin,official_social_primary,Embodied cultural participation; Burns joins a local sport rather than observing from distance; exact status URL preserved by Wikimedia Commons,https://twitter.com/USAmbChina/status/1638766848530616320
rsd-337,2023,Nicholas Burns / @USAmbChina,Shooting basketball at Independence Day celebration,official_social_primary,Sports imagery inside formal American national-day representation; complements baseball-pitching post from same event,https://twitter.com/USAmbChina/status/1676176703943573505
rsd-338,2023,Nicholas Burns / @USAmbChina,Students at Zhijiang No.4 Middle School,official_social_primary,Provincial youth engagement; stable federal preservation and exact status URL,https://twitter.com/USAmbChina/status/1700476740282524035
rsd-339,2023,Nicholas Burns / @USAmbChina,Great Wall with Governor Gavin Newsom,official_social_primary,Official diplomacy rendered through place movement and personal acknowledgment; useful context for later Red Sox Great Wall pattern,https://twitter.com/USAmbChina/status/1717476553892757725
rsd-340,2023,Nicholas Burns / @USAmbChina,Saluting Flying Tigers veterans,official_social_primary,Shared U.S.-China historical memory in Burns's own official voice; records Captain Harry Moyer and Sgt. Mel McMullen and honors wartime service,https://twitter.com/USAmbChina/status/1719252571708141720
rsd-341,2023,Wikimedia Commons,Ambassador Burns shooting a basketball into a hoop,primary_source_preservation,Independent federal preservation of the July 4 basketball image with exact original @USAmbChina status URL date and official authorship,https://commons.wikimedia.org/wiki/File:Ambassador_Burns_shooting_a_basketball_into_a_hoop.jpg
rsd-342,2023,Wikimedia Commons,Ambassador Burns holding Red Sox baseball cap,primary_source_preservation_candidate,High-value federal image indexed in the 2023 Burns and Independence Day corpora; supports visible Red Sox identity at the July 4 embassy celebration but originating status metadata remains unresolved,https://commons.wikimedia.org/wiki/Category:Independence_Day_(United_States)_in_China
rsd-343,2024,Wikimedia Commons,German member of Red Sox Nation at Great Wall,primary_source_preservation_candidate,Federal-image preservation dated June 22 2024 supports repeated Great Wall Red Sox Nation motif; original @USAmbChina status ID and exact caption remain unresolved,https://commons.wikimedia.org/wiki/Category:People_on_the_Great_Wall_of_China
rsd-344,2024,Nicholas Burns / @USAmbChina,America the Beautiful in Shanghai,official_social_primary,Burns defines the America he presents abroad through beauty diversity and democratic ideals during Independence Day programming,https://x.com/USAmbChina/status/1806593655794196934
rsd-345,2024,Nicholas Burns / @USAmbChina,Flying Tigers Museum in Kunming,official_social_primary,Shared historical-memory diplomacy; Burns honors young American volunteers and Claire Chennault as wartime defenders of China,https://x.com/USAmbChina/status/1790005966655652154
rsd-346,2023,Nicholas Burns / @USAmbChina,Roosevelt House on the Bund in Shanghai,official_social_primary,Contemporaneous Bund location anchor with exact official status URL and federal preservation; useful for cross-checking Burns's later statement that he wore his Red Sox hat on the Bund,https://twitter.com/USAmbChina/status/1651022088399114241
rsd-347,2024,Nicholas Burns / @USAmbChina,Xiamen visit and Mayor Huang Wenhui,official_social_primary,Contemporaneous Xiamen location anchor with exact status URL and federal preservation; later Burns identifies Xiamen as one place where he deliberately wore his Red Sox hat,https://twitter.com/USAmbChina/status/1770600169962156499
rsd-348,2024,CBS News / 60 Minutes,An American in China — Nicholas Burns interview,primary_broadcast_source,Independent broadcast anchor for Burns's February 25 2024 60 Minutes appearance; does not by itself establish the Red Sox hat detail which currently comes from Burns's 2025 retrospective,https://www.cbsnews.com/amp/news/china-us-relationship-nicholas-burns-60-minutes/
rsd-349,2024,PICRYL / Wikimedia Commons preservation,Xiamen organ from Emmanuel Church Boston,primary_source_preservation_candidate,March 21 Xiamen preservation retains Burns-attributed text tying a Chinese cultural visit to Emmanuel Church Boston and his wife's five-generation family connection; originating @USAmbChina status URL remains unresolved,https://itoldya420.getarchive.net/media/an-organ-in-amoy-ambassador-stands-with-his-wife-and-the-musician-in-front-e4335b
